lat,lon,accident_idx,lighting,road_quality,incident_score,crosswalk_present,weather_risk,zone
17.367809,78.472972,0.1653,0.3266,0.2836,0.1636,1.0,1.0,old_city_charminar
17.365088,78.487331,0.0793,0.1832,0.26,0.1153,0.0,1.0,old_city_charminar
17.340039,78.467671,0.05,0.242,0.2364,0.0811,0.0,1.0,old_city_charminar
17.353732,78.482172,0.2992,0.2476,0.3086,0.1439,0.0,1.0,old_city_charminar
17.354092,78.471054,0.0779,0.3497,0.2991,0.106,1.0,1.0,old_city_charminar
17.358732,78.479567,0.05,0.2964,0.4945,0.2636,0.0,1.0,old_city_charminar
17.370831,78.476842,0.1119,0.1989,0.1965,0.1296,0.0,1.0,old_city_charminar
17.344767,78.463693,0.05,0.2294,0.3407,0.2421,0.0,1.0,old_city_charminar
17.35111,78.470835,0.1432,0.2883,0.2665,0.167,0.0,1.0,old_city_charminar
17.376346,78.463472,0.1784,0.2408,0.2274,0.1747,0.0,1.0,old_city_charminar
17.366117,78.493925,0.1175,0.3295,0.1166,0.2375,1.0,1.0,old_city_charminar
17.343866,78.487731,0.1832,0.2213,0.2626,0.0753,0.0,1.0,old_city_charminar
17.351494,78.468428,0.1841,0.243,0.2629,0.2159,0.0,1.0,old_city_charminar
17.378748,78.476894,0.0983,0.2671,0.282,0.1543,0.0,1.0,old_city_charminar
17.365302,78.477963,0.1204,0.2036,0.2009,0.1506,0.0,1.0,old_city_charminar
17.367262,78.472624,0.135,0.0784,0.234,0.2783,0.0,1.0,old_city_charminar
17.337615,78.474369,0.1242,0.3924,0.2865,0.2011,0.0,1.0,old_city_charminar
17.365848,78.474608,0.1737,0.1395,0.2457,0.2341,0.0,1.0,old_city_charminar
17.379135,78.457177,0.1611,0.3733,0.2307,0.1404,1.0,1.0,old_city_charminar
17.382933,78.48562,0.1206,0.1944,0.3454,0.0944,0.0,1.0,old_city_charminar
17.350107,78.494074,0.0652,0.1975,0.3569,0.0938,0.0,1.0,old_city_charminar
17.378649,78.50644,0.0973,0.2056,0.1992,0.2634,0.0,1.0,old_city_charminar
17.368124,78.478412,0.1375,0.2443,0.2524,0.1963,0.0,1.0,old_city_charminar
17.364429,78.485293,0.1322,0.1348,0.3735,0.2728,0.0,1.0,old_city_charminar
17.349416,78.484539,0.2011,0.1626,0.3674,0.2089,0.0,1.0,old_city_charminar
17.350754,78.476523,0.05,0.166,0.3615,0.1632,0.0,1.0,old_city_charminar
17.361763,78.492869,0.1015,0.4104,0.3438,0.12,0.0,1.0,old_city_charminar
17.362125,78.472984,0.1113,0.2718,0.2683,0.2344,0.0,1.0,old_city_charminar
17.356019,78.485405,0.135,0.1328,0.3121,0.207,0.0,1.0,old_city_charminar
17.364487,78.464588,0.194,0.2236,0.3611,0.2546,0.0,1.0,old_city_charminar
17.344379,78.462977,0.1561,0.256,0.3361,0.4497,0.0,1.0,old_city_charminar
17.378236,78.487053,0.1363,0.2323,0.2193,0.0749,1.0,1.0,old_city_charminar
17.355533,78.475723,0.282,0.0893,0.348,0.0671,1.0,1.0,old_city_charminar
17.350436,78.470515,0.2292,0.229,0.3385,0.091,1.0,1.0,old_city_charminar
17.36217,78.466555,0.2701,0.2644,0.1582,0.1931,0.0,1.0,old_city_charminar
17.356044,78.453836,0.066,0.3363,0.2766,0.1578,0.0,1.0,old_city_charminar
17.383668,78.479762,0.05,0.2843,0.4486,0.2523,0.0,1.0,old_city_charminar
17.352466,78.458701,0.1034,0.351,0.2986,0.1147,0.0,1.0,old_city_charminar
17.358443,78.459103,0.2343,0.1199,0.2692,0.1892,0.0,1.0,old_city_charminar
17.362331,78.50405,0.1483,0.2837,0.2858,0.1843,0.0,1.0,old_city_charminar
17.363019,78.482977,0.231,0.1334,0.4493,0.05,0.0,1.0,old_city_charminar
17.367092,78.473344,0.0859,0.2345,0.3619,0.1475,1.0,1.0,old_city_charminar
17.354233,78.48532,0.145,0.1715,0.363,0.2015,0.0,1.0,old_city_charminar
17.353729,78.485659,0.1586,0.1703,0.1749,0.0946,0.0,1.0,old_city_charminar
17.368439,78.472173,0.1048,0.2969,0.3578,0.2369,0.0,1.0,old_city_charminar
17.361752,78.486337,0.0834,0.2864,0.2833,0.2398,1.0,1.0,old_city_charminar
17.365652,78.473073,0.1268,0.2617,0.2427,0.3265,0.0,1.0,old_city_charminar
17.376662,78.459742,0.1739,0.2667,0.2511,0.1794,0.0,1.0,old_city_charminar
17.373789,78.472862,0.0622,0.1975,0.3289,0.1405,0.0,1.0,old_city_charminar
17.356184,78.477248,0.1591,0.2811,0.3808,0.1466,0.0,1.0,old_city_charminar
17.352619,78.472032,0.1418,0.3233,0.36,0.1688,0.0,1.0,old_city_charminar
17.357821,78.474643,0.0722,0.2166,0.389,0.234,0.0,1.0,old_city_charminar
17.36024,78.479721,0.1683,0.1919,0.3157,0.1809,1.0,1.0,old_city_charminar
17.36752,78.475379,0.2793,0.2484,0.2698,0.3102,0.0,1.0,old_city_charminar
17.372504,78.476992,0.2733,0.1634,0.2412,0.138,0.0,1.0,old_city_charminar
17.374508,78.452073,0.05,0.2454,0.34,0.2479,0.0,1.0,old_city_charminar
17.345097,78.497593,0.2026,0.1872,0.1801,0.2748,0.0,1.0,old_city_charminar
17.365045,78.478184,0.05,0.1569,0.2924,0.1761,0.0,1.0,old_city_charminar
17.361666,78.475287,0.0885,0.2636,0.2253,0.17,0.0,1.0,old_city_charminar
17.344493,78.481394,0.1942,0.3279,0.242,0.1587,0.0,1.0,old_city_charminar
17.380989,78.476146,0.2026,0.2247,0.4443,0.3029,0.0,1.0,old_city_charminar
17.348845,78.471336,0.2242,0.2814,0.2696,0.156,1.0,1.0,old_city_charminar
17.37483,78.452716,0.05,0.0773,0.2811,0.2302,0.0,1.0,old_city_charminar
17.355516,78.491381,0.1887,0.2431,0.299,0.2357,0.0,1.0,old_city_charminar
17.366401,78.474291,0.05,0.2138,0.2087,0.2269,1.0,1.0,old_city_charminar
17.347834,78.480796,0.1723,0.1997,0.4439,0.1576,0.0,1.0,old_city_charminar
17.354972,78.464789,0.1125,0.1475,0.2612,0.0961,0.0,1.0,old_city_charminar
17.360326,78.475227,0.156,0.3043,0.3596,0.1366,0.0,1.0,old_city_charminar
17.354969,78.467502,0.1007,0.0589,0.1939,0.2757,0.0,1.0,old_city_charminar
17.372243,78.462351,0.122,0.2878,0.2319,0.1856,0.0,1.0,old_city_charminar
17.341519,78.477243,0.0671,0.1204,0.2547,0.1043,0.0,1.0,old_city_charminar
17.364328,78.486082,0.1939,0.2658,0.2388,0.1798,0.0,1.0,old_city_charminar
17.380639,78.481436,0.05,0.2067,0.2387,0.0832,0.0,1.0,old_city_charminar
17.337678,78.486466,0.1219,0.2289,0.2747,0.1633,0.0,1.0,old_city_charminar
17.353467,78.468611,0.0785,0.1595,0.3034,0.1218,0.0,1.0,old_city_charminar
17.366478,78.473639,0.1366,0.2392,0.2493,0.1427,0.0,1.0,old_city_charminar
17.362842,78.484092,0.05,0.258,0.2536,0.2199,0.0,1.0,old_city_charminar
17.365097,78.440438,0.0879,0.1985,0.1933,0.2358,0.0,1.0,old_city_charminar
17.360774,78.459562,0.0744,0.2233,0.2398,0.1531,1.0,1.0,old_city_charminar
17.354075,78.484203,0.1974,0.274,0.2494,0.3504,0.0,1.0,old_city_charminar
17.340771,78.47297,0.206,0.2077,0.3261,0.2391,0.0,1.0,chandrayangutta
17.333801,78.476137,0.1384,0.2912,0.2977,0.2277,0.0,1.0,chandrayangutta
17.337898,78.495754,0.241,0.2272,0.4041,0.2214,0.0,1.0,chandrayangutta
17.328236,78.452697,0.2536,0.191,0.2094,0.2511,0.0,1.0,chandrayangutta
17.343294,78.452889,0.1965,0.304,0.2165,0.3301,0.0,1.0,chandrayangutta
17.340094,78.487473,0.2476,0.2557,0.2859,0.2783,0.0,1.0,chandrayangutta
17.343303,78.466439,0.185,0.2166,0.3535,0.2734,0.0,1.0,chandrayangutta
17.34787,78.470554,0.1501,0.2113,0.3875,0.3181,0.0,1.0,chandrayangutta
17.339134,78.493768,0.1258,0.1629,0.1955,0.3547,0.0,1.0,chandrayangutta
17.336805,78.501436,0.1658,0.2533,0.4448,0.2913,0.0,1.0,chandrayangutta
17.327095,78.479715,0.3117,0.3442,0.4315,0.2142,0.0,1.0,chandrayangutta
17.334098,78.482811,0.3577,0.2867,0.2788,0.2407,0.0,1.0,chandrayangutta
17.324879,78.458451,0.2376,0.2551,0.2297,0.1593,0.0,1.0,chandrayangutta
17.319972,78.472393,0.1012,0.2396,0.3195,0.1577,0.0,1.0,chandrayangutta
17.332691,78.481962,0.3094,0.3289,0.3012,0.1725,1.0,1.0,chandrayangutta
17.335007,78.476583,0.1326,0.2605,0.2652,0.2972,0.0,1.0,chandrayangutta
17.329263,78.469531,0.1777,0.212,0.2701,0.2575,0.0,1.0,chandrayangutta
17.348886,78.448406,0.05,0.1632,0.2376,0.2643,0.0,1.0,chandrayangutta
17.320925,78.467222,0.1023,0.3727,0.3855,0.339,1.0,1.0,chandrayangutta
17.327955,78.467717,0.1869,0.2409,0.355,0.1763,0.0,1.0,chandrayangutta
17.332597,78.471252,0.2298,0.2811,0.2947,0.3312,0.0,1.0,chandrayangutta
17.328428,78.465626,0.0631,0.3735,0.2331,0.1929,0.0,1.0,chandrayangutta
17.319434,78.48106,0.0904,0.3728,0.1743,0.3688,0.0,1.0,chandrayangutta
17.344718,78.47469,0.1565,0.3442,0.4709,0.2971,0.0,1.0,chandrayangutta
17.336709,78.47316,0.1813,0.2743,0.2822,0.1955,1.0,1.0,chandrayangutta
17.318704,78.480519,0.3204,0.3002,0.2872,0.2869,1.0,1.0,chandrayangutta
17.33756,78.484827,0.2966,0.321,0.1911,0.1604,0.0,1.0,chandrayangutta
17.33152,78.476986,0.0796,0.2907,0.2133,0.1941,0.0,1.0,chandrayangutta
17.325241,78.485536,0.1135,0.4343,0.3545,0.2629,0.0,1.0,chandrayangutta
17.341076,78.459808,0.1796,0.2039,0.2017,0.3191,0.0,1.0,chandrayangutta
17.33465,78.492708,0.1361,0.3769,0.3695,0.2106,0.0,1.0,chandrayangutta
17.324122,78.484295,0.0566,0.3301,0.2276,0.2342,0.0,1.0,chandrayangutta
17.338802,78.481106,0.2192,0.3257,0.3784,0.2821,0.0,1.0,chandrayangutta
17.319734,78.474421,0.2373,0.2594,0.3513,0.2351,0.0,1.0,chandrayangutta
17.334604,78.481815,0.182,0.2521,0.3857,0.2139,1.0,1.0,chandrayangutta
17.320948,78.48001,0.107,0.3395,0.3017,0.2594,0.0,1.0,chandrayangutta
17.34947,78.476966,0.2522,0.146,0.3387,0.3123,0.0,1.0,chandrayangutta
17.342134,78.47547,0.2656,0.2022,0.2843,0.0761,0.0,1.0,chandrayangutta
17.330545,78.489534,0.2906,0.2134,0.2906,0.2303,0.0,1.0,chandrayangutta
17.324939,78.464491,0.05,0.1655,0.2451,0.2978,0.0,1.0,chandrayangutta
17.344843,78.47286,0.1765,0.2972,0.2414,0.2768,0.0,1.0,chandrayangutta
17.346671,78.491211,0.0701,0.2552,0.2838,0.2081,0.0,1.0,chandrayangutta
17.328626,78.48689,0.2794,0.21,0.2617,0.283,0.0,1.0,chandrayangutta
17.327948,78.467964,0.345,0.3156,0.2612,0.2615,0.0,1.0,chandrayangutta
17.328872,78.471123,0.2,0.2734,0.3661,0.3907,1.0,1.0,chandrayangutta
17.317515,78.462427,0.2419,0.1835,0.2611,0.2494,0.0,1.0,chandrayangutta
17.329824,78.477238,0.1789,0.3332,0.4969,0.2128,0.0,1.0,chandrayangutta
17.348239,78.463682,0.0652,0.2824,0.3368,0.2714,0.0,1.0,chandrayangutta
17.343205,78.480073,0.2547,0.3319,0.4168,0.2954,0.0,1.0,chandrayangutta
17.331297,78.466664,0.1317,0.2846,0.3493,0.278,0.0,1.0,chandrayangutta
17.336911,78.475464,0.0848,0.3022,0.3652,0.4014,0.0,1.0,chandrayangutta
17.337666,78.470986,0.2177,0.2534,0.4046,0.1491,0.0,1.0,chandrayangutta
17.330536,78.476941,0.2552,0.1781,0.3293,0.201,0.0,1.0,chandrayangutta
17.330199,78.476278,0.2057,0.2132,0.3108,0.1075,0.0,1.0,chandrayangutta
17.329448,78.493812,0.0786,0.0961,0.3508,0.2149,0.0,1.0,chandrayangutta
17.346219,78.488105,0.1644,0.1697,0.312,0.2943,0.0,1.0,chandrayangutta
17.319745,78.468081,0.1768,0.267,0.3031,0.2746,0.0,1.0,chandrayangutta
17.335742,78.472706,0.2465,0.226,0.3554,0.248,0.0,1.0,chandrayangutta
17.338427,78.479568,0.2199,0.2813,0.365,0.343,0.0,1.0,chandrayangutta
17.347492,78.479914,0.1078,0.2465,0.3462,0.197,0.0,1.0,chandrayangutta
17.319558,78.444261,0.229,0.2323,0.4088,0.2343,0.0,1.0,karwan_falaknuma
17.316954,78.459721,0.2079,0.2318,0.5231,0.2453,0.0,1.0,karwan_falaknuma
17.328644,78.46468,0.1523,0.2767,0.3497,0.1989,0.0,1.0,karwan_falaknuma
17.325774,78.479598,0.1587,0.2826,0.3312,0.274,1.0,1.0,karwan_falaknuma
17.308982,78.456908,0.3458,0.3249,0.31,0.3201,0.0,1.0,karwan_falaknuma
17.323031,78.451216,0.3468,0.3051,0.3775,0.3277,0.0,1.0,karwan_falaknuma
17.331545,78.454112,0.3122,0.2938,0.4953,0.2318,0.0,1.0,karwan_falaknuma
17.315935,78.46225,0.1478,0.2429,0.3933,0.3591,0.0,1.0,karwan_falaknuma
17.339003,78.4648,0.2227,0.2884,0.3929,0.2084,1.0,1.0,karwan_falaknuma
17.332002,78.458782,0.2853,0.3411,0.2195,0.2169,0.0,1.0,karwan_falaknuma
17.322469,78.471518,0.3379,0.2479,0.4255,0.2773,0.0,1.0,karwan_falaknuma
17.302038,78.4537,0.276,0.2925,0.3873,0.1922,0.0,1.0,karwan_falaknuma
17.313119,78.464354,0.2546,0.2982,0.3115,0.233,0.0,1.0,karwan_falaknuma
17.323562,78.456794,0.1045,0.2765,0.339,0.3544,0.0,1.0,karwan_falaknuma
17.332636,78.440863,0.1946,0.2016,0.2594,0.3613,0.0,1.0,karwan_falaknuma
17.302885,78.457004,0.0733,0.2978,0.3319,0.3664,0.0,1.0,karwan_falaknuma
17.336508,78.469352,0.1956,0.2556,0.3275,0.4254,0.0,1.0,karwan_falaknuma
17.323989,78.474286,0.1988,0.3066,0.3271,0.2414,1.0,1.0,karwan_falaknuma
17.328004,78.460571,0.2713,0.2743,0.3555,0.1401,1.0,1.0,karwan_falaknuma
17.321533,78.464978,0.2106,0.356,0.2029,0.4856,0.0,1.0,karwan_falaknuma
17.33219,78.448561,0.2629,0.2063,0.3063,0.414,0.0,1.0,karwan_falaknuma
17.326019,78.449911,0.2178,0.4202,0.4174,0.3015,0.0,1.0,karwan_falaknuma
17.332161,78.473057,0.2647,0.2,0.4643,0.1998,1.0,1.0,karwan_falaknuma
17.331057,78.457224,0.2438,0.3805,0.3895,0.3049,0.0,1.0,karwan_falaknuma
17.333084,78.446496,0.2618,0.3291,0.3292,0.3763,0.0,1.0,karwan_falaknuma
17.321325,78.448685,0.1305,0.1649,0.288,0.3887,0.0,1.0,karwan_falaknuma
17.312971,78.445446,0.3349,0.3507,0.3018,0.4377,0.0,1.0,karwan_falaknuma
17.320651,78.472387,0.1882,0.2786,0.269,0.1727,0.0,1.0,karwan_falaknuma
17.331248,78.486837,0.3169,0.3195,0.3916,0.3397,0.0,1.0,karwan_falaknuma
17.31722,78.464313,0.2068,0.3187,0.3476,0.2135,0.0,1.0,karwan_falaknuma
17.309125,78.447861,0.2326,0.3774,0.4143,0.1701,0.0,1.0,karwan_falaknuma
17.313363,78.442545,0.2106,0.2689,0.2822,0.3186,0.0,1.0,karwan_falaknuma
17.313385,78.463518,0.1085,0.3108,0.3486,0.3187,0.0,1.0,karwan_falaknuma
17.313631,78.460701,0.253,0.2897,0.4344,0.3069,0.0,1.0,karwan_falaknuma
17.312278,78.452708,0.1218,0.4025,0.2629,0.2315,0.0,1.0,karwan_falaknuma
17.328832,78.453835,0.3474,0.222,0.3668,0.2253,0.0,1.0,karwan_falaknuma
17.306936,78.463408,0.2644,0.309,0.337,0.2709,1.0,1.0,karwan_falaknuma
17.33347,78.477857,0.1124,0.2987,0.4522,0.162,0.0,1.0,karwan_falaknuma
17.31116,78.47803,0.3374,0.2412,0.3898,0.394,0.0,1.0,karwan_falaknuma
17.307891,78.452176,0.1789,0.2662,0.2969,0.2823,0.0,1.0,karwan_falaknuma
17.322572,78.442885,0.2432,0.3383,0.2104,0.3062,0.0,1.0,karwan_falaknuma
17.327645,78.481412,0.2018,0.4009,0.3568,0.2323,0.0,1.0,karwan_falaknuma
17.325926,78.449873,0.2319,0.181,0.3422,0.2167,0.0,1.0,karwan_falaknuma
17.334454,78.44664,0.1826,0.1815,0.3551,0.3346,0.0,1.0,karwan_falaknuma
17.345513,78.464326,0.2334,0.2584,0.3593,0.2693,0.0,1.0,karwan_falaknuma
17.308223,78.450213,0.1707,0.2633,0.3561,0.3296,0.0,1.0,karwan_falaknuma
17.307863,78.436318,0.2472,0.4545,0.3496,0.3387,0.0,1.0,karwan_falaknuma
17.315767,78.465104,0.1893,0.3616,0.3898,0.322,0.0,1.0,karwan_falaknuma
17.318075,78.451687,0.2576,0.2171,0.352,0.2794,0.0,1.0,karwan_falaknuma
17.317523,78.462173,0.3925,0.259,0.3045,0.3171,0.0,1.0,karwan_falaknuma
17.308284,78.456643,0.1773,0.2669,0.354,0.3171,0.0,1.0,karwan_falaknuma
17.300174,78.452888,0.05,0.3005,0.3698,0.2245,0.0,1.0,karwan_falaknuma
17.336838,78.473406,0.2051,0.3844,0.3604,0.2564,0.0,1.0,karwan_falaknuma
17.3138,78.45548,0.1943,0.2305,0.3712,0.236,1.0,1.0,karwan_falaknuma
17.321766,78.460034,0.2506,0.3633,0.4165,0.1761,0.0,1.0,karwan_falaknuma
17.308516,78.457701,0.211,0.3493,0.3145,0.198,0.0,1.0,karwan_falaknuma
17.325956,78.468351,0.1796,0.0986,0.3118,0.3074,0.0,1.0,karwan_falaknuma
17.309065,78.45966,0.0828,0.4242,0.2665,0.2772,0.0,1.0,karwan_falaknuma
17.318098,78.478829,0.124,0.1671,0.453,0.2653,0.0,1.0,karwan_falaknuma
17.332566,78.447671,0.1081,0.2515,0.3438,0.3445,0.0,1.0,karwan_falaknuma
17.379679,78.507694,0.3541,0.4249,0.3826,0.2597,0.0,1.0,malakpet
17.373798,78.520499,0.2317,0.3072,0.399,0.2836,1.0,1.0,malakpet
17.360876,78.496255,0.346,0.2474,0.2962,0.3629,0.0,1.0,malakpet
17.375543,78.498629,0.1875,0.3704,0.4286,0.4249,0.0,1.0,malakpet
17.370096,78.502743,0.3563,0.3445,0.4165,0.4932,1.0,1.0,malakpet
17.386101,78.521193,0.3097,0.3475,0.3117,0.3487,0.0,1.0,malakpet
17.363597,78.487303,0.4145,0.2117,0.3623,0.2979,0.0,1.0,malakpet
17.360935,78.513217,0.2743,0.3213,0.447,0.2549,0.0,1.0,malakpet
17.377419,78.511614,0.303,0.3939,0.3945,0.2163,0.0,1.0,malakpet
17.372151,78.504227,0.315,0.3462,0.3824,0.2006,0.0,1.0,malakpet
17.375779,78.52032,0.2693,0.5081,0.4252,0.1791,0.0,1.0,malakpet
17.375958,78.513102,0.2002,0.3382,0.36,0.3184,0.0,1.0,malakpet
17.371119,78.497345,0.2036,0.3471,0.5136,0.3516,0.0,1.0,malakpet
17.368368,78.495008,0.2722,0.4164,0.264,0.2315,1.0,1.0,malakpet
17.379501,78.501645,0.3882,0.268,0.398,0.3946,0.0,1.0,malakpet
17.38813,78.498242,0.3433,0.2542,0.3945,0.2531,0.0,1.0,malakpet
17.367922,78.506661,0.3734,0.4605,0.5449,0.4167,0.0,1.0,malakpet
17.367377,78.512451,0.2494,0.405,0.4693,0.2681,0.0,1.0,malakpet
17.373796,78.518298,0.1587,0.2845,0.3227,0.1707,1.0,1.0,malakpet
17.377321,78.492711,0.2652,0.3461,0.5289,0.2339,0.0,1.0,malakpet
17.370962,78.496365,0.2202,0.3871,0.5308,0.4435,0.0,1.0,malakpet
17.360303,78.49443,0.2078,0.3617,0.2283,0.3336,0.0,1.0,malakpet
17.368806,78.490648,0.2911,0.2574,0.2864,0.0902,1.0,1.0,malakpet
17.374851,78.501594,0.05,0.2871,0.452,0.3822,0.0,1.0,malakpet
17.364015,78.507716,0.3113,0.3982,0.372,0.3037,0.0,1.0,malakpet
17.376195,78.50301,0.1828,0.2262,0.3557,0.4454,0.0,1.0,malakpet
17.372808,78.498275,0.0561,0.3707,0.4389,0.2975,1.0,1.0,malakpet
17.375224,78.505786,0.3062,0.3077,0.3712,0.2717,0.0,1.0,malakpet
17.380148,78.493711,0.2735,0.1915,0.4173,0.3171,0.0,1.0,malakpet
17.365724,78.502163,0.2159,0.2567,0.4306,0.284,0.0,1.0,malakpet
17.363858,78.505555,0.2843,0.3554,0.3941,0.2906,0.0,1.0,malakpet
17.372256,78.497539,0.1487,0.2954,0.3441,0.4808,0.0,1.0,malakpet
17.378572,78.523517,0.2517,0.2418,0.3654,0.43,1.0,1.0,malakpet
17.367344,78.510422,0.1933,0.2592,0.473,0.2585,0.0,1.0,malakpet
17.375908,78.502729,0.2267,0.1749,0.4506,0.3138,0.0,1.0,malakpet
17.364239,78.504951,0.3331,0.3404,0.4848,0.2745,0.0,1.0,malakpet
17.374019,78.492055,0.3235,0.2465,0.5299,0.4064,0.0,1.0,malakpet
17.379889,78.503274,0.1525,0.3094,0.4586,0.3725,0.0,1.0,malakpet
17.369987,78.501367,0.1736,0.3339,0.545,0.2346,1.0,1.0,malakpet
17.374724,78.507171,0.2917,0.3005,0.4012,0.3164,0.0,1.0,malakpet
17.363438,78.508855,0.235,0.3789,0.475,0.5272,0.0,1.0,malakpet
17.365752,78.510368,0.2717,0.3243,0.5246,0.3481,0.0,1.0,malakpet
17.384854,78.503937,0.0803,0.2514,0.4838,0.3182,0.0,1.0,malakpet
17.377912,78.497441,0.2048,0.2671,0.327,0.1576,0.0,1.0,malakpet
17.383954,78.518692,0.3299,0.2655,0.4123,0.3181,0.0,1.0,malakpet
17.376352,78.497889,0.3456,0.2103,0.3478,0.3619,0.0,1.0,malakpet
17.380842,78.492886,0.2601,0.4551,0.3,0.2658,1.0,1.0,malakpet
17.382258,78.493149,0.3079,0.3534,0.283,0.3867,0.0,1.0,malakpet
17.379053,78.522099,0.2394,0.222,0.4686,0.3104,0.0,1.0,malakpet
17.375276,78.504429,0.235,0.2246,0.3623,0.3537,0.0,1.0,malakpet
17.399618,78.433664,0.3391,0.3692,0.3252,0.4369,0.0,1.0,mehdipatnam
17.400934,78.432522,0.3072,0.2683,0.3271,0.3573,0.0,1.0,mehdipatnam
17.394825,78.433271,0.344,0.1907,0.3157,0.2646,0.0,1.0,mehdipatnam
17.398855,78.444092,0.3522,0.3372,0.4587,0.2981,1.0,1.0,mehdipatnam
17.39563,78.446457,0.2058,0.3391,0.478,0.3901,0.0,1.0,mehdipatnam
17.40088,78.460188,0.1352,0.265,0.5179,0.3218,0.0,1.0,mehdipatnam
17.393763,78.444576,0.409,0.4252,0.5312,0.4094,0.0,1.0,mehdipatnam
17.386311,78.436271,0.2595,0.1278,0.4339,0.3615,0.0,1.0,mehdipatnam
17.395392,78.451255,0.2302,0.3356,0.3406,0.2444,0.0,1.0,mehdipatnam
17.393018,78.417389,0.3162,0.2208,0.3285,0.2964,0.0,1.0,mehdipatnam
17.392217,78.429231,0.3055,0.4272,0.25,0.3592,0.0,1.0,mehdipatnam
17.387988,78.434251,0.2091,0.3415,0.4083,0.177,0.0,1.0,mehdipatnam
17.412111,78.435454,0.2233,0.1989,0.2557,0.2233,0.0,1.0,mehdipatnam
17.401948,78.449782,0.3537,0.2766,0.4116,0.3008,0.0,1.0,mehdipatnam
17.392583,78.427979,0.1079,0.2625,0.3831,0.271,0.0,1.0,mehdipatnam
17.399607,78.434485,0.3781,0.4126,0.4941,0.2113,1.0,1.0,mehdipatnam
17.401374,78.438099,0.3563,0.343,0.351,0.3789,0.0,1.0,mehdipatnam
17.395525,78.429297,0.1442,0.2684,0.6142,0.3111,1.0,1.0,mehdipatnam
17.396439,78.426751,0.3813,0.2507,0.4776,0.3842,0.0,1.0,mehdipatnam
17.411562,78.429291,0.2045,0.2324,0.3787,0.4647,0.0,1.0,mehdipatnam
17.397598,78.438343,0.2693,0.3849,0.4635,0.2101,0.0,1.0,mehdipatnam
17.409271,78.443016,0.2011,0.4386,0.3797,0.2528,1.0,1.0,mehdipatnam
17.392228,78.443017,0.3848,0.4317,0.355,0.3333,0.0,1.0,mehdipatnam
17.404993,78.425349,0.1497,0.4218,0.5513,0.313,1.0,1.0,mehdipatnam
17.390735,78.43587,0.3237,0.3205,0.3651,0.3412,1.0,1.0,mehdipatnam
17.385117,78.432744,0.1357,0.2916,0.3925,0.3683,0.0,1.0,mehdipatnam
17.405558,78.439327,0.2714,0.3558,0.2743,0.2599,0.0,1.0,mehdipatnam
17.39665,78.425377,0.4058,0.34,0.3825,0.4482,0.0,1.0,mehdipatnam
17.38791,78.430412,0.2665,0.2822,0.2417,0.4098,0.0,1.0,mehdipatnam
17.393453,78.426027,0.2636,0.5067,0.4233,0.422,0.0,1.0,mehdipatnam
17.383934,78.44047,0.2428,0.3115,0.6115,0.2298,0.0,1.0,mehdipatnam
17.397393,78.451922,0.2511,0.3424,0.3468,0.4199,0.0,1.0,mehdipatnam
17.398394,78.435737,0.3701,0.3159,0.2582,0.451,0.0,1.0,mehdipatnam
17.400758,78.429473,0.2992,0.1264,0.6173,0.3284,0.0,1.0,mehdipatnam
17.394506,78.43857,0.3217,0.3716,0.4444,0.3572,0.0,1.0,mehdipatnam
17.405492,78.43416,0.2692,0.4003,0.5867,0.3654,0.0,1.0,mehdipatnam
17.394832,78.432503,0.3699,0.3958,0.3382,0.3826,0.0,1.0,mehdipatnam
17.405309,78.431216,0.2085,0.2653,0.3572,0.4185,1.0,1.0,mehdipatnam
17.401526,78.440646,0.2287,0.3546,0.464,0.4103,0.0,1.0,mehdipatnam
17.400261,78.440047,0.2186,0.3369,0.3344,0.3481,0.0,1.0,mehdipatnam
17.388923,78.434699,0.2166,0.2954,0.2485,0.3671,1.0,1.0,mehdipatnam
17.408095,78.436028,0.2657,0.3266,0.3871,0.2932,0.0,1.0,mehdipatnam
17.388078,78.427541,0.3464,0.3045,0.3788,0.1897,0.0,1.0,mehdipatnam
17.39571,78.436208,0.1478,0.4162,0.3316,0.3768,0.0,1.0,mehdipatnam
17.367824,78.437655,0.424,0.4191,0.4168,0.3107,0.0,1.0,mehdipatnam
17.40259,78.441035,0.2989,0.4296,0.3075,0.3552,0.0,1.0,mehdipatnam
17.39477,78.420078,0.2244,0.2873,0.3581,0.3622,0.0,1.0,mehdipatnam
17.389364,78.436138,0.3564,0.2374,0.3313,0.44,1.0,1.0,mehdipatnam
17.382887,78.428627,0.2419,0.39,0.421,0.3655,0.0,1.0,mehdipatnam
17.392964,78.442804,0.2748,0.4785,0.5255,0.2438,0.0,1.0,mehdipatnam
17.417067,78.574452,0.4871,0.5358,0.5006,0.4947,0.0,1.0,uppal
17.399524,78.560747,0.5126,0.51,0.3234,0.5214,0.0,1.0,uppal
17.398118,78.543741,0.4393,0.5082,0.5137,0.6362,0.0,1.0,uppal
17.400042,78.565032,0.4504,0.6883,0.5282,0.5492,0.0,1.0,uppal
17.385578,78.569224,0.5101,0.4478,0.4804,0.61,0.0,1.0,uppal
17.42435,78.549482,0.4954,0.5081,0.4797,0.407,1.0,1.0,uppal
17.405511,78.546473,0.5393,0.4789,0.5317,0.4405,0.0,1.0,uppal
17.414737,78.528876,0.4738,0.5212,0.593,0.5167,0.0,1.0,uppal
17.39024,78.572929,0.5372,0.5775,0.5851,0.5216,1.0,1.0,uppal
17.402029,78.561403,0.5585,0.4606,0.3771,0.5404,0.0,1.0,uppal
17.40706,78.559636,0.4939,0.5395,0.5321,0.6392,0.0,1.0,uppal
17.400052,78.556755,0.4205,0.4562,0.6837,0.5114,0.0,1.0,uppal
17.405261,78.561884,0.3792,0.4707,0.52,0.4946,0.0,1.0,uppal
17.409916,78.576662,0.5061,0.4904,0.4461,0.6462,0.0,1.0,uppal
17.394864,78.54328,0.4613,0.5573,0.629,0.5139,0.0,1.0,uppal
17.391386,78.557052,0.483,0.5668,0.5503,0.3899,0.0,1.0,uppal
17.402625,78.554532,0.4656,0.6298,0.3731,0.6427,1.0,1.0,uppal
17.402491,78.543598,0.5158,0.5497,0.5538,0.5465,1.0,1.0,uppal
17.430304,78.54196,0.4952,0.467,0.5841,0.5215,0.0,1.0,uppal
17.403939,78.543458,0.4031,0.5865,0.6614,0.614,1.0,1.0,uppal
17.423551,78.563445,0.455,0.5199,0.45,0.5684,1.0,1.0,uppal
17.41087,78.567926,0.4677,0.4502,0.5484,0.4811,0.0,1.0,uppal
17.400521,78.550906,0.5395,0.5055,0.4981,0.6257,0.0,1.0,uppal
17.408094,78.56088,0.488,0.567,0.6454,0.4726,1.0,1.0,uppal
17.380374,78.570157,0.3831,0.5785,0.5511,0.4437,1.0,1.0,uppal
17.407674,78.556632,0.3568,0.6787,0.5939,0.7307,0.0,1.0,uppal
17.393765,78.542371,0.4649,0.5937,0.5398,0.6409,0.0,1.0,uppal
17.410113,78.542431,0.4359,0.4379,0.5207,0.5555,1.0,1.0,uppal
17.372447,78.561487,0.5149,0.5523,0.6489,0.4343,0.0,1.0,uppal
17.393098,78.564283,0.4888,0.6042,0.5042,0.3867,1.0,1.0,uppal
17.409346,78.55291,0.4259,0.5227,0.463,0.4331,1.0,1.0,uppal
17.420217,78.569257,0.4599,0.6107,0.465,0.4241,0.0,1.0,uppal
17.399195,78.564776,0.5427,0.4999,0.5022,0.6338,0.0,1.0,uppal
17.39752,78.561857,0.6242,0.5506,0.5884,0.4744,0.0,1.0,uppal
17.413131,78.540211,0.5642,0.4402,0.5193,0.54,0.0,1.0,uppal
17.376135,78.560963,0.5666,0.5996,0.6153,0.5141,0.0,1.0,uppal
17.413324,78.56427,0.5471,0.4706,0.5053,0.432,1.0,1.0,uppal
17.418228,78.57072,0.5307,0.527,0.3587,0.514,1.0,1.0,uppal
17.413694,78.569614,0.4565,0.5143,0.4286,0.4914,0.0,1.0,uppal
17.407415,78.575496,0.6255,0.5232,0.531,0.5415,0.0,1.0,uppal
17.378083,78.572714,0.4417,0.451,0.6055,0.4886,0.0,1.0,uppal
17.396883,78.568651,0.5689,0.6748,0.5556,0.4688,1.0,1.0,uppal
17.392133,78.542092,0.3582,0.609,0.4997,0.6427,1.0,1.0,uppal
17.396204,78.57065,0.6251,0.4674,0.5154,0.5069,0.0,1.0,uppal
17.407,78.565272,0.5694,0.6359,0.5212,0.4139,0.0,1.0,uppal
17.401322,78.5524,0.4394,0.3865,0.4437,0.5262,0.0,1.0,uppal
17.40212,78.547447,0.5512,0.6028,0.4023,0.4456,0.0,1.0,uppal
17.394644,78.550715,0.3402,0.5098,0.6259,0.4171,0.0,1.0,uppal
17.395978,78.56121,0.4363,0.4983,0.6839,0.6272,0.0,1.0,uppal
17.419874,78.571671,0.354,0.5941,0.6024,0.3971,0.0,1.0,uppal
17.411893,78.563257,0.5113,0.4139,0.6338,0.6136,0.0,1.0,uppal
17.405547,78.555802,0.4538,0.3901,0.5412,0.5598,0.0,1.0,uppal
17.412058,78.546254,0.4781,0.5061,0.568,0.4904,0.0,1.0,uppal
17.384932,78.553512,0.6142,0.4806,0.5513,0.5131,0.0,1.0,uppal
17.388847,78.567621,0.4398,0.5411,0.5735,0.5012,0.0,1.0,uppal
17.396267,78.548119,0.6164,0.4959,0.6792,0.5998,1.0,1.0,uppal
17.411246,78.5649,0.4861,0.5794,0.5886,0.421,0.0,1.0,uppal
17.406929,78.580399,0.4652,0.4704,0.5623,0.5813,0.0,1.0,uppal
17.395175,78.541737,0.5043,0.5777,0.5315,0.6363,0.0,1.0,uppal
17.415384,78.546283,0.3508,0.3572,0.5931,0.5347,1.0,1.0,uppal
17.434404,78.506896,0.469,0.5464,0.582,0.3964,1.0,1.0,secunderabad_station
17.447832,78.498135,0.5202,0.5199,0.7199,0.4685,1.0,1.0,secunderabad_station
17.43711,78.495502,0.5632,0.5772,0.6256,0.6275,1.0,1.0,secunderabad_station
17.429822,78.487129,0.508,0.4172,0.4084,0.5926,1.0,1.0,secunderabad_station
17.444719,78.503773,0.5439,0.5296,0.57,0.5762,1.0,1.0,secunderabad_station
17.446976,78.49839,0.5852,0.3788,0.4679,0.5511,0.0,1.0,secunderabad_station
17.449118,78.503127,0.5336,0.5985,0.7445,0.4595,1.0,1.0,secunderabad_station
17.430022,78.503648,0.417,0.6095,0.589,0.6896,1.0,1.0,secunderabad_station
17.432804,78.485715,0.4826,0.5253,0.7741,0.5846,1.0,1.0,secunderabad_station
17.438439,78.492371,0.441,0.4941,0.589,0.5856,0.0,1.0,secunderabad_station
17.42404,78.479501,0.6497,0.5812,0.5105,0.5928,0.0,1.0,secunderabad_station
17.450052,78.495888,0.5439,0.7275,0.6001,0.4766,1.0,1.0,secunderabad_station
17.430947,78.494219,0.4203,0.6021,0.6487,0.5312,1.0,1.0,secunderabad_station
17.413052,78.500896,0.4963,0.4888,0.7423,0.6267,0.0,1.0,secunderabad_station
17.442706,78.515886,0.5298,0.5811,0.5758,0.6479,1.0,1.0,secunderabad_station
17.437511,78.512602,0.5267,0.5262,0.5728,0.6319,1.0,1.0,secunderabad_station
17.452274,78.493727,0.4966,0.5546,0.6479,0.3702,0.0,1.0,secunderabad_station
17.441815,78.492703,0.4845,0.4969,0.5564,0.6577,0.0,1.0,secunderabad_station
17.421134,78.504497,0.4492,0.4548,0.5301,0.5352,1.0,1.0,secunderabad_station
17.457517,78.495472,0.6032,0.6274,0.5633,0.7188,1.0,1.0,secunderabad_station
17.445888,78.504983,0.4413,0.5566,0.6166,0.6665,0.0,1.0,secunderabad_station
17.447411,78.504541,0.4085,0.5546,0.6659,0.6721,0.0,1.0,secunderabad_station
17.43547,78.493505,0.5237,0.5871,0.5958,0.5749,0.0,1.0,secunderabad_station
17.447741,78.501406,0.6492,0.6388,0.5726,0.4526,0.0,1.0,secunderabad_station
17.431424,78.491779,0.4128,0.4872,0.5504,0.4376,0.0,1.0,secunderabad_station
17.426176,78.49861,0.5178,0.5117,0.6725,0.5163,0.0,1.0,secunderabad_station
17.433322,78.506845,0.4126,0.6212,0.5937,0.5943,1.0,1.0,secunderabad_station
17.431726,78.492204,0.4189,0.6061,0.4579,0.5994,0.0,1.0,secunderabad_station
17.445423,78.504556,0.4443,0.5966,0.6008,0.5069,1.0,1.0,secunderabad_station
17.435299,78.497636,0.4734,0.5893,0.537,0.5554,0.0,1.0,secunderabad_station
17.446691,78.49528,0.4736,0.6085,0.6068,0.5753,1.0,1.0,secunderabad_station
17.432827,78.499554,0.5929,0.4851,0.6095,0.5753,0.0,1.0,secunderabad_station
17.429733,78.495859,0.4969,0.5392,0.6067,0.6645,1.0,1.0,secunderabad_station
17.427887,78.505219,0.6068,0.6004,0.6657,0.7116,0.0,1.0,secunderabad_station
17.442393,78.508751,0.5116,0.5519,0.5519,0.6751,0.0,1.0,secunderabad_station
17.42636,78.492768,0.5563,0.5627,0.5635,0.5948,0.0,1.0,secunderabad_station
17.446155,78.507152,0.4526,0.5599,0.7363,0.5095,0.0,1.0,secunderabad_station
17.445483,78.496696,0.5001,0.4479,0.669,0.6362,0.0,1.0,secunderabad_station
17.432475,78.493447,0.5985,0.6848,0.625,0.4796,0.0,1.0,secunderabad_station
17.449426,78.503037,0.5418,0.6565,0.6477,0.59,0.0,1.0,secunderabad_station
17.440335,78.503881,0.2976,0.5263,0.5993,0.4579,1.0,1.0,secunderabad_station
17.441411,78.505953,0.3609,0.639,0.5154,0.5381,0.0,1.0,secunderabad_station
17.428594,78.504527,0.5504,0.4857,0.6516,0.4995,0.0,1.0,secunderabad_station
17.442787,78.499048,0.5954,0.5404,0.5654,0.5112,1.0,1.0,secunderabad_station
17.437841,78.490834,0.4859,0.4261,0.5407,0.5272,1.0,1.0,secunderabad_station
17.422878,78.493672,0.451,0.6342,0.4988,0.4891,1.0,1.0,secunderabad_station
17.4322,78.485339,0.4635,0.5645,0.6276,0.5054,1.0,1.0,secunderabad_station
17.448712,78.494498,0.3466,0.538,0.6882,0.5726,1.0,1.0,secunderabad_station
17.441738,78.52523,0.528,0.4697,0.5724,0.4079,1.0,1.0,secunderabad_station
17.421042,78.494362,0.4051,0.3642,0.6233,0.6813,0.0,1.0,secunderabad_station
17.353821,78.555687,0.4815,0.3458,0.4977,0.5676,1.0,1.0,lb_nagar
17.366027,78.551253,0.184,0.3825,0.486,0.5829,0.0,1.0,lb_nagar
17.331961,78.542755,0.575,0.4781,0.5005,0.476,0.0,1.0,lb_nagar
17.35162,78.539449,0.4219,0.7148,0.4213,0.5529,0.0,1.0,lb_nagar
17.363769,78.540322,0.4673,0.4122,0.4729,0.433,1.0,1.0,lb_nagar
17.35342,78.547696,0.4804,0.4847,0.5254,0.5356,1.0,1.0,lb_nagar
17.36118,78.546868,0.3926,0.4816,0.6144,0.5155,0.0,1.0,lb_nagar
17.3542,78.542222,0.3954,0.4459,0.4911,0.5431,1.0,1.0,lb_nagar
17.354348,78.56429,0.399,0.5367,0.353,0.4532,1.0,1.0,lb_nagar
17.357291,78.551727,0.3975,0.4414,0.5144,0.5712,0.0,1.0,lb_nagar
17.342931,78.556577,0.2302,0.46,0.4779,0.6111,0.0,1.0,lb_nagar
17.343006,78.5409,0.6428,0.5177,0.5217,0.5709,0.0,1.0,lb_nagar
17.328159,78.569247,0.427,0.523,0.5164,0.4661,1.0,1.0,lb_nagar
17.351492,78.543065,0.3848,0.4563,0.6177,0.461,0.0,1.0,lb_nagar
17.343647,78.555585,0.3915,0.5606,0.5748,0.6479,0.0,1.0,lb_nagar
17.3426,78.550338,0.5727,0.511,0.4638,0.4036,1.0,1.0,lb_nagar
17.349918,78.554522,0.4407,0.5172,0.6462,0.5788,0.0,1.0,lb_nagar
17.352313,78.557334,0.373,0.4215,0.5993,0.5831,0.0,1.0,lb_nagar
17.34296,78.549705,0.3188,0.4686,0.5997,0.4627,0.0,1.0,lb_nagar
17.344316,78.540453,0.3624,0.5239,0.5156,0.5388,0.0,1.0,lb_nagar
17.347131,78.535695,0.5465,0.5622,0.5573,0.6217,0.0,1.0,lb_nagar
17.354661,78.55899,0.5008,0.4106,0.3834,0.3757,0.0,1.0,lb_nagar
17.360356,78.540937,0.384,0.4513,0.4777,0.4155,0.0,1.0,lb_nagar
17.351293,78.569127,0.445,0.3519,0.5824,0.37,0.0,1.0,lb_nagar
17.358114,78.553058,0.5511,0.4323,0.5635,0.516,0.0,1.0,lb_nagar
17.368094,78.560099,0.4327,0.5687,0.5573,0.5405,1.0,1.0,lb_nagar
17.337698,78.576117,0.5713,0.5482,0.5258,0.483,0.0,1.0,lb_nagar
17.331557,78.557822,0.4447,0.5361,0.4855,0.4883,1.0,1.0,lb_nagar
17.344864,78.570877,0.4945,0.3932,0.5589,0.3762,0.0,1.0,lb_nagar
17.353296,78.556334,0.2769,0.4737,0.6123,0.4585,0.0,1.0,lb_nagar
17.333807,78.523678,0.4139,0.5441,0.616,0.4629,0.0,1.0,lb_nagar
17.341078,78.529637,0.4829,0.4851,0.5469,0.6566,1.0,1.0,lb_nagar
17.324117,78.545418,0.4863,0.4214,0.5247,0.5357,0.0,1.0,lb_nagar
17.347652,78.544934,0.4713,0.4274,0.5344,0.539,1.0,1.0,lb_nagar
17.356146,78.531501,0.5427,0.4731,0.554,0.5958,0.0,1.0,lb_nagar
17.344348,78.549112,0.3645,0.357,0.6126,0.6029,1.0,1.0,lb_nagar
17.336979,78.548043,0.4754,0.4734,0.5125,0.4577,1.0,1.0,lb_nagar
17.350531,78.562182,0.4511,0.3739,0.5483,0.4795,0.0,1.0,lb_nagar
17.351253,78.558927,0.3485,0.6362,0.5362,0.6305,0.0,1.0,lb_nagar
17.365264,78.546974,0.4261,0.5219,0.5322,0.6004,0.0,1.0,lb_nagar
17.329329,78.540828,0.4351,0.5248,0.5155,0.5975,0.0,1.0,lb_nagar
17.355729,78.534354,0.4319,0.4932,0.6406,0.4446,0.0,1.0,lb_nagar
17.359417,78.557835,0.4396,0.5464,0.4634,0.5684,0.0,1.0,lb_nagar
17.349734,78.548636,0.5526,0.587,0.5555,0.4079,1.0,1.0,lb_nagar
17.353506,78.533302,0.3571,0.4773,0.4959,0.4032,0.0,1.0,lb_nagar
17.340595,78.549753,0.3594,0.5275,0.4901,0.4594,0.0,1.0,lb_nagar
17.347606,78.559397,0.2973,0.6055,0.5258,0.4671,1.0,1.0,lb_nagar
17.342233,78.562046,0.4577,0.4597,0.5476,0.4941,0.0,1.0,lb_nagar
17.358515,78.541788,0.4879,0.4786,0.5877,0.3298,1.0,1.0,lb_nagar
17.361102,78.54931,0.4027,0.5524,0.5709,0.4561,0.0,1.0,lb_nagar
17.436504,78.44023,0.6089,0.5742,0.3965,0.5738,1.0,1.0,ameerpet
17.443558,78.426968,0.5677,0.517,0.6426,0.65,1.0,1.0,ameerpet
17.433368,78.442049,0.4692,0.4774,0.5727,0.6111,1.0,1.0,ameerpet
17.45161,78.440564,0.5868,0.5204,0.6366,0.5772,0.0,1.0,ameerpet
17.42848,78.441528,0.4473,0.5649,0.6683,0.6361,0.0,1.0,ameerpet
17.434121,78.458941,0.5837,0.5513,0.6981,0.5201,1.0,1.0,ameerpet
17.445537,78.464767,0.5213,0.6499,0.7597,0.5568,1.0,1.0,ameerpet
17.420975,78.44124,0.6301,0.6147,0.665,0.638,0.0,1.0,ameerpet
17.428929,78.442207,0.4959,0.6581,0.663,0.6316,1.0,1.0,ameerpet
17.445615,78.463496,0.6636,0.6642,0.4796,0.7279,1.0,1.0,ameerpet
17.430882,78.454793,0.4765,0.653,0.6959,0.6487,1.0,1.0,ameerpet
17.447156,78.451229,0.53,0.452,0.5854,0.6373,0.0,1.0,ameerpet
17.427862,78.465503,0.4604,0.6133,0.6705,0.5122,0.0,1.0,ameerpet
17.4521,78.46586,0.4959,0.6,0.6137,0.5442,1.0,1.0,ameerpet
17.435945,78.455247,0.5809,0.5487,0.616,0.4699,0.0,1.0,ameerpet
17.438501,78.449672,0.6328,0.6812,0.5919,0.6177,1.0,1.0,ameerpet
17.42957,78.44189,0.6331,0.7005,0.5833,0.6032,0.0,1.0,ameerpet
17.447985,78.43709,0.4121,0.6496,0.5468,0.6201,1.0,1.0,ameerpet
17.445433,78.45479,0.4859,0.6949,0.6819,0.6094,0.0,1.0,ameerpet
17.442976,78.473194,0.5569,0.5411,0.6993,0.4888,1.0,1.0,ameerpet
17.434529,78.446395,0.5061,0.5798,0.6993,0.4259,0.0,1.0,ameerpet
17.432442,78.457432,0.4928,0.4857,0.6844,0.6799,1.0,1.0,ameerpet
17.440547,78.439859,0.5652,0.5282,0.6771,0.6743,0.0,1.0,ameerpet
17.437499,78.45805,0.6022,0.7008,0.5678,0.4783,0.0,1.0,ameerpet
17.434247,78.452048,0.5462,0.5312,0.6785,0.7624,1.0,1.0,ameerpet
17.448124,78.468806,0.596,0.5111,0.738,0.5986,1.0,1.0,ameerpet
17.445724,78.434388,0.6613,0.6402,0.698,0.5061,0.0,1.0,ameerpet
17.442889,78.440018,0.4082,0.6566,0.5738,0.5891,0.0,1.0,ameerpet
17.428263,78.45937,0.4825,0.714,0.5801,0.7113,1.0,1.0,ameerpet
17.439462,78.439491,0.5438,0.6237,0.5873,0.5654,0.0,1.0,ameerpet
17.441624,78.439483,0.4693,0.4819,0.4744,0.5051,0.0,1.0,ameerpet
17.455435,78.441286,0.5621,0.6358,0.7711,0.562,0.0,1.0,ameerpet
17.422356,78.439084,0.5304,0.5325,0.6354,0.549,1.0,1.0,ameerpet
17.438227,78.442171,0.6197,0.6178,0.4708,0.6644,0.0,1.0,ameerpet
17.430154,78.449003,0.6103,0.6097,0.4896,0.5438,1.0,1.0,ameerpet
17.435505,78.437956,0.4971,0.6121,0.6842,0.6222,1.0,1.0,ameerpet
17.457943,78.44466,0.5844,0.6399,0.6137,0.5931,1.0,1.0,ameerpet
17.442536,78.440978,0.5429,0.5655,0.7843,0.6372,0.0,1.0,ameerpet
17.435498,78.466722,0.5028,0.5718,0.7394,0.5418,1.0,1.0,ameerpet
17.438685,78.442994,0.5336,0.6565,0.5795,0.4985,1.0,1.0,ameerpet
17.441333,78.452064,0.4257,0.6745,0.6177,0.6969,0.0,1.0,ameerpet
17.44867,78.453463,0.4435,0.7223,0.6036,0.6404,0.0,1.0,ameerpet
17.442664,78.436813,0.4598,0.6205,0.6102,0.557,0.0,1.0,ameerpet
17.423601,78.44949,0.5085,0.6164,0.5149,0.5853,1.0,1.0,ameerpet
17.433201,78.437004,0.5411,0.5608,0.3949,0.7437,1.0,1.0,ameerpet
17.43572,78.450002,0.4991,0.6007,0.6089,0.5486,0.0,1.0,ameerpet
17.43891,78.457512,0.5623,0.5064,0.5712,0.6092,0.0,1.0,ameerpet
17.433108,78.455689,0.4354,0.6084,0.6223,0.6092,1.0,1.0,ameerpet
17.4463,78.429349,0.6308,0.697,0.5788,0.4178,1.0,1.0,ameerpet
17.438494,78.452867,0.4859,0.6794,0.5024,0.5604,1.0,1.0,ameerpet
17.490358,78.393712,0.6209,0.7748,0.6852,0.6162,1.0,1.0,kukatpally
17.475028,78.385166,0.6202,0.5921,0.5803,0.6677,1.0,1.0,kukatpally
17.488453,78.398929,0.62,0.5773,0.7177,0.5499,1.0,1.0,kukatpally
17.498111,78.402712,0.6072,0.6426,0.6328,0.5907,1.0,1.0,kukatpally
17.498975,78.375215,0.6202,0.4205,0.5427,0.7503,1.0,1.0,kukatpally
17.499949,78.386744,0.3698,0.5783,0.7114,0.4814,0.0,1.0,kukatpally
17.483762,78.38597,0.7477,0.7476,0.6743,0.555,1.0,1.0,kukatpally
17.498151,78.392735,0.4503,0.6547,0.6692,0.7623,0.0,1.0,kukatpally
17.492458,78.415732,0.4911,0.6171,0.5775,0.4946,0.0,1.0,kukatpally
17.464579,78.400915,0.5799,0.6018,0.6995,0.5473,1.0,1.0,kukatpally
17.491946,78.400954,0.5709,0.5161,0.6386,0.5595,0.0,1.0,kukatpally
17.491274,78.371981,0.5769,0.624,0.6949,0.6348,0.0,1.0,kukatpally
17.481628,78.414032,0.6057,0.6355,0.5184,0.643,1.0,1.0,kukatpally
17.477977,78.391359,0.6218,0.4732,0.4955,0.769,0.0,1.0,kukatpally
17.485684,78.385371,0.5243,0.5465,0.7192,0.5883,1.0,1.0,kukatpally
17.499606,78.412608,0.5714,0.7,0.7723,0.6803,0.0,1.0,kukatpally
17.474193,78.410678,0.6069,0.6018,0.5541,0.5625,1.0,1.0,kukatpally
17.484902,78.412257,0.4894,0.6807,0.6833,0.6829,1.0,1.0,kukatpally
17.470055,78.395033,0.5827,0.6289,0.6057,0.6517,0.0,1.0,kukatpally
17.493261,78.411199,0.5724,0.6534,0.6506,0.5543,0.0,1.0,kukatpally
17.469799,78.403466,0.4217,0.6238,0.7718,0.5442,0.0,1.0,kukatpally
17.479385,78.384001,0.5133,0.5689,0.6288,0.6261,1.0,1.0,kukatpally
17.489537,78.402535,0.5529,0.6496,0.6101,0.6566,1.0,1.0,kukatpally
17.484647,78.391585,0.5566,0.5837,0.6992,0.573,0.0,1.0,kukatpally
17.493512,78.394858,0.6126,0.6641,0.6556,0.5539,0.0,1.0,kukatpally
17.472422,78.413128,0.7577,0.6207,0.5363,0.6223,1.0,1.0,kukatpally
17.489007,78.403036,0.6754,0.5194,0.6785,0.6672,0.0,1.0,kukatpally
17.493886,78.394911,0.6122,0.5622,0.6876,0.7121,1.0,1.0,kukatpally
17.484188,78.400402,0.5859,0.608,0.7153,0.6133,1.0,1.0,kukatpally
17.488628,78.395924,0.4724,0.6369,0.6273,0.7645,0.0,1.0,kukatpally
17.498929,78.397931,0.6227,0.6872,0.7175,0.7046,1.0,1.0,kukatpally
17.488876,78.406291,0.5623,0.5457,0.6258,0.635,0.0,1.0,kukatpally
17.47482,78.390394,0.5688,0.6446,0.578,0.7282,1.0,1.0,kukatpally
17.485163,78.396694,0.5751,0.6377,0.5105,0.5197,0.0,1.0,kukatpally
17.496039,78.39786,0.8394,0.8046,0.6055,0.6115,0.0,1.0,kukatpally
17.467812,78.418805,0.6919,0.5894,0.6608,0.5812,0.0,1.0,kukatpally
17.471703,78.374122,0.6486,0.5537,0.4585,0.6316,0.0,1.0,kukatpally
17.48487,78.399832,0.5617,0.6696,0.5073,0.5873,1.0,1.0,kukatpally
17.477039,78.405334,0.6057,0.6334,0.5404,0.6055,0.0,1.0,kukatpally
17.471332,78.383214,0.6964,0.6846,0.6115,0.5837,0.0,1.0,kukatpally
17.477285,78.377942,0.5883,0.7834,0.6422,0.6182,0.0,1.0,kukatpally
17.487631,78.381718,0.6031,0.575,0.5063,0.5786,0.0,1.0,kukatpally
17.49592,78.394127,0.5174,0.5592,0.4783,0.6577,1.0,1.0,kukatpally
17.49502,78.396285,0.5787,0.6933,0.5622,0.595,0.0,1.0,kukatpally
17.483246,78.396006,0.4966,0.5262,0.6571,0.576,1.0,1.0,kukatpally
17.475097,78.403116,0.6188,0.5826,0.5556,0.6268,0.0,1.0,kukatpally
17.491348,78.395063,0.6006,0.6007,0.6206,0.594,0.0,1.0,kukatpally
17.477868,78.3898,0.5118,0.503,0.6946,0.4413,1.0,1.0,kukatpally
17.475079,78.40525,0.5828,0.4625,0.6724,0.6849,0.0,1.0,kukatpally
17.486697,78.386448,0.5623,0.5606,0.5797,0.6124,1.0,1.0,kukatpally
17.480689,78.398239,0.5482,0.5253,0.588,0.6415,0.0,1.0,kukatpally
17.499363,78.393379,0.6758,0.5019,0.5896,0.5935,0.0,1.0,kukatpally
17.497901,78.40489,0.5638,0.5777,0.7029,0.5062,1.0,1.0,kukatpally
17.488174,78.387672,0.5446,0.7145,0.5978,0.593,1.0,1.0,kukatpally
17.495668,78.384511,0.7087,0.6863,0.7073,0.583,1.0,1.0,kukatpally
17.450228,78.405287,0.8636,0.9201,0.8445,0.95,1.0,1.0,jubilee_hills
17.415153,78.414492,0.8438,0.8702,0.8774,0.8605,1.0,1.0,jubilee_hills
17.419334,78.406532,0.9036,0.8693,0.9331,0.8596,1.0,1.0,jubilee_hills
17.434349,78.419551,0.8105,0.8879,0.8451,0.8262,1.0,1.0,jubilee_hills
17.437366,78.405401,0.9109,0.95,0.888,0.8165,1.0,1.0,jubilee_hills
17.436371,78.409294,0.7878,0.8355,0.8968,0.9268,1.0,1.0,jubilee_hills
17.441329,78.403938,0.95,0.8999,0.8729,0.95,1.0,1.0,jubilee_hills
17.427687,78.41962,0.9497,0.9155,0.9215,0.919,1.0,1.0,jubilee_hills
17.431045,78.399987,0.8523,0.95,0.8629,0.95,1.0,1.0,jubilee_hills
17.439924,78.39789,0.8092,0.8909,0.95,0.8578,1.0,1.0,jubilee_hills
17.421548,78.374745,0.883,0.9275,0.8493,0.9424,1.0,1.0,jubilee_hills
17.429317,78.402895,0.928,0.9031,0.841,0.9086,1.0,1.0,jubilee_hills
17.451584,78.41533,0.787,0.9232,0.8714,0.9098,0.0,1.0,jubilee_hills
17.428232,78.397443,0.899,0.9415,0.8702,0.7805,0.0,1.0,jubilee_hills
17.443268,78.402483,0.8848,0.8728,0.8836,0.918,1.0,1.0,jubilee_hills
17.439041,78.396671,0.95,0.9085,0.871,0.8694,1.0,1.0,jubilee_hills
17.440477,78.383641,0.9005,0.924,0.9294,0.8958,1.0,1.0,jubilee_hills
17.433216,78.41671,0.8496,0.8982,0.9156,0.8055,1.0,1.0,jubilee_hills
17.418223,78.411433,0.95,0.8052,0.9038,0.9062,1.0,1.0,jubilee_hills
17.439701,78.393979,0.9481,0.95,0.95,0.8438,1.0,1.0,jubilee_hills
17.414946,78.408227,0.8539,0.9053,0.8937,0.8587,1.0,1.0,jubilee_hills
17.411485,78.401209,0.7812,0.9176,0.7967,0.9014,1.0,1.0,jubilee_hills
17.432228,78.400274,0.9098,0.8684,0.9015,0.8865,1.0,1.0,jubilee_hills
17.421806,78.40671,0.8809,0.9036,0.8317,0.9296,1.0,1.0,jubilee_hills
17.423095,78.405516,0.8442,0.8495,0.95,0.9014,1.0,1.0,jubilee_hills
17.420288,78.409584,0.876,0.851,0.876,0.9348,1.0,1.0,jubilee_hills
17.431836,78.400199,0.95,0.95,0.8382,0.8439,1.0,1.0,jubilee_hills
17.422836,78.403852,0.95,0.9201,0.9431,0.8292,1.0,1.0,jubilee_hills
17.452862,78.405686,0.8318,0.8223,0.9437,0.8985,1.0,1.0,jubilee_hills
17.412401,78.410846,0.9266,0.8592,0.935,0.95,1.0,1.0,jubilee_hills
17.449726,78.386689,0.8918,0.853,0.9062,0.9355,1.0,1.0,jubilee_hills
17.450877,78.412708,0.9281,0.8681,0.9375,0.914,1.0,1.0,jubilee_hills
17.427648,78.397506,0.9182,0.9364,0.8543,0.8712,1.0,1.0,jubilee_hills
17.41338,78.405289,0.8577,0.8857,0.8818,0.7996,1.0,1.0,jubilee_hills
17.428975,78.40258,0.8596,0.95,0.8818,0.9025,1.0,1.0,jubilee_hills
17.44899,78.404296,0.923,0.884,0.95,0.8806,1.0,1.0,jubilee_hills
17.434688,78.412317,0.9079,0.8713,0.8544,0.8391,1.0,1.0,jubilee_hills
17.440044,78.399726,0.8734,0.8836,0.825,0.8611,1.0,1.0,jubilee_hills
17.447752,78.400936,0.9327,0.8707,0.8662,0.8453,1.0,1.0,jubilee_hills
17.452085,78.387969,0.95,0.8614,0.8879,0.8055,1.0,1.0,jubilee_hills
17.418121,78.38608,0.886,0.8482,0.95,0.95,1.0,1.0,jubilee_hills
17.42341,78.427803,0.8678,0.8801,0.95,0.95,1.0,1.0,jubilee_hills
17.434526,78.40657,0.8833,0.7443,0.9128,0.9242,1.0,1.0,jubilee_hills
17.437366,78.410996,0.8041,0.7485,0.9194,0.8953,1.0,1.0,jubilee_hills
17.423027,78.406668,0.7701,0.946,0.8875,0.9159,0.0,1.0,jubilee_hills
17.424477,78.408152,0.8806,0.904,0.8866,0.8082,0.0,1.0,jubilee_hills
17.420709,78.399551,0.8604,0.8439,0.8924,0.95,1.0,1.0,jubilee_hills
17.426548,78.395022,0.8712,0.9046,0.8995,0.9153,1.0,1.0,jubilee_hills
17.431364,78.419296,0.8314,0.9291,0.8951,0.8446,1.0,1.0,jubilee_hills
17.427392,78.406311,0.8998,0.8932,0.95,0.7787,1.0,1.0,jubilee_hills
17.443766,78.403907,0.8647,0.9167,0.9339,0.9091,0.0,1.0,jubilee_hills
17.395005,78.41424,0.8922,0.8255,0.8507,0.8515,1.0,1.0,jubilee_hills
17.422678,78.408967,0.8697,0.8213,0.8148,0.9037,1.0,1.0,jubilee_hills
17.429396,78.400374,0.9199,0.787,0.9023,0.9279,1.0,1.0,jubilee_hills
17.42836,78.386568,0.9346,0.9252,0.95,0.95,1.0,1.0,jubilee_hills
17.43253,78.421831,0.8113,0.906,0.95,0.921,1.0,1.0,jubilee_hills
17.448683,78.399475,0.8602,0.8235,0.8574,0.8045,1.0,1.0,jubilee_hills
17.450766,78.406122,0.7879,0.9246,0.8705,0.9349,1.0,1.0,jubilee_hills
17.411137,78.407504,0.7348,0.9096,0.9036,0.9236,0.0,1.0,jubilee_hills
17.435219,78.393455,0.8917,0.9318,0.8582,0.95,1.0,1.0,jubilee_hills
17.404334,78.395823,0.861,0.9073,0.8625,0.8377,0.0,1.0,jubilee_hills
17.431852,78.41327,0.8945,0.7802,0.8439,0.9465,1.0,1.0,jubilee_hills
17.412932,78.391837,0.8751,0.7803,0.8497,0.8707,1.0,1.0,jubilee_hills
17.431748,78.41165,0.95,0.8044,0.95,0.9487,1.0,1.0,jubilee_hills
17.435878,78.399476,0.8873,0.8471,0.8588,0.9342,0.0,1.0,jubilee_hills
17.414049,78.404494,0.9403,0.8036,0.8472,0.9063,1.0,1.0,jubilee_hills
17.423283,78.398603,0.95,0.8441,0.8707,0.838,1.0,1.0,jubilee_hills
17.424725,78.416249,0.8702,0.8568,0.9022,0.8127,1.0,1.0,jubilee_hills
17.433871,78.408421,0.9497,0.8277,0.8802,0.8916,1.0,1.0,jubilee_hills
17.432352,78.405759,0.941,0.8262,0.8619,0.95,0.0,1.0,jubilee_hills
17.410477,78.415031,0.8966,0.9048,0.9342,0.95,0.0,1.0,banjara_hills
17.420803,78.427599,0.7669,0.8752,0.7768,0.8641,1.0,1.0,banjara_hills
17.417472,78.445209,0.8662,0.95,0.7817,0.8759,1.0,1.0,banjara_hills
17.393202,78.435222,0.8375,0.7664,0.9002,0.9158,1.0,1.0,banjara_hills
17.422744,78.4411,0.8295,0.8642,0.9318,0.9023,1.0,1.0,banjara_hills
17.409037,78.457777,0.8237,0.8516,0.8464,0.8912,1.0,1.0,banjara_hills
17.419958,78.414808,0.8702,0.8114,0.855,0.9019,1.0,1.0,banjara_hills
17.389512,78.457163,0.8648,0.8112,0.8879,0.8888,1.0,1.0,banjara_hills
17.411131,78.427915,0.8788,0.8425,0.9361,0.8985,1.0,1.0,banjara_hills
17.419168,78.42884,0.892,0.7821,0.835,0.8318,0.0,1.0,banjara_hills
17.423997,78.440325,0.9165,0.9161,0.8976,0.8364,0.0,1.0,banjara_hills
17.414223,78.444016,0.8442,0.8308,0.907,0.9238,1.0,1.0,banjara_hills
17.414453,78.427718,0.8888,0.8472,0.8105,0.932,1.0,1.0,banjara_hills
17.411741,78.410298,0.9185,0.7957,0.9428,0.9273,1.0,1.0,banjara_hills
17.407224,78.43058,0.8339,0.8554,0.9301,0.8932,0.0,1.0,banjara_hills
17.396007,78.410165,0.8613,0.8219,0.8523,0.9148,1.0,1.0,banjara_hills
17.419019,78.417335,0.8394,0.9089,0.9098,0.7788,1.0,1.0,banjara_hills
17.420888,78.451164,0.8253,0.8251,0.9375,0.8948,1.0,1.0,banjara_hills
17.416653,78.428173,0.8231,0.8996,0.9347,0.7946,1.0,1.0,banjara_hills
17.428675,78.455043,0.8922,0.9081,0.851,0.8222,1.0,1.0,banjara_hills
17.419814,78.425848,0.7927,0.8733,0.95,0.9422,0.0,1.0,banjara_hills
17.424904,78.440355,0.8269,0.8878,0.8103,0.9327,0.0,1.0,banjara_hills
17.416468,78.429625,0.876,0.8091,0.8533,0.8473,1.0,1.0,banjara_hills
17.420228,78.428343,0.8941,0.8501,0.8998,0.8321,1.0,1.0,banjara_hills
17.42079,78.424987,0.9233,0.877,0.8546,0.787,1.0,1.0,banjara_hills
17.405053,78.419822,0.7708,0.8706,0.8693,0.899,0.0,1.0,banjara_hills
17.418826,78.426529,0.8475,0.8745,0.8875,0.899,1.0,1.0,banjara_hills
17.40912,78.424408,0.8411,0.8044,0.8591,0.8972,1.0,1.0,banjara_hills
17.403021,78.440658,0.9173,0.7869,0.95,0.9008,1.0,1.0,banjara_hills
17.400333,78.443102,0.8473,0.8225,0.8884,0.9273,0.0,1.0,banjara_hills
17.427595,78.447899,0.7955,0.8897,0.8709,0.8869,0.0,1.0,banjara_hills
17.413192,78.443129,0.798,0.9473,0.7889,0.8501,1.0,1.0,banjara_hills
17.417054,78.433438,0.8057,0.8926,0.8736,0.8681,0.0,1.0,banjara_hills
17.430925,78.443933,0.8936,0.8017,0.876,0.865,1.0,1.0,banjara_hills
17.418661,78.431346,0.885,0.7892,0.95,0.7996,1.0,1.0,banjara_hills
17.42431,78.428423,0.8926,0.7885,0.95,0.8807,1.0,1.0,banjara_hills
17.410027,78.425357,0.8358,0.8251,0.8576,0.9383,1.0,1.0,banjara_hills
17.402653,78.454726,0.8217,0.8916,0.8905,0.8308,0.0,1.0,banjara_hills
17.429107,78.434572,0.9388,0.827,0.8415,0.9074,1.0,1.0,banjara_hills
17.408851,78.436859,0.8773,0.7414,0.8796,0.8879,0.0,1.0,banjara_hills
17.430723,78.431234,0.8963,0.8614,0.95,0.8061,1.0,1.0,banjara_hills
17.403586,78.43191,0.8327,0.8745,0.9143,0.8381,1.0,1.0,banjara_hills
17.401812,78.434947,0.8367,0.9018,0.8518,0.9008,1.0,1.0,banjara_hills
17.416215,78.431294,0.9073,0.7081,0.8792,0.8747,1.0,1.0,banjara_hills
17.433941,78.430174,0.8836,0.8214,0.8122,0.9007,1.0,1.0,banjara_hills
17.427657,78.439379,0.7728,0.823,0.8993,0.9219,1.0,1.0,banjara_hills
17.399684,78.434049,0.7768,0.9157,0.8796,0.8889,1.0,1.0,banjara_hills
17.424554,78.436115,0.8387,0.9195,0.9119,0.95,1.0,1.0,banjara_hills
17.413828,78.419582,0.8641,0.8414,0.8984,0.8733,1.0,1.0,banjara_hills
17.423338,78.458404,0.8342,0.8029,0.8923,0.8399,1.0,1.0,banjara_hills
17.407995,78.442263,0.8338,0.7921,0.8899,0.9,1.0,1.0,banjara_hills
17.406182,78.435091,0.8826,0.7684,0.904,0.8272,1.0,1.0,banjara_hills
17.425844,78.442751,0.9016,0.9282,0.8213,0.8406,0.0,1.0,banjara_hills
17.431781,78.427006,0.7981,0.8833,0.8402,0.8325,1.0,1.0,banjara_hills
17.401614,78.42098,0.8353,0.8635,0.9017,0.8546,1.0,1.0,banjara_hills
17.416989,78.42954,0.8004,0.7777,0.9133,0.9089,1.0,1.0,banjara_hills
17.414246,78.441171,0.8454,0.9278,0.9045,0.9074,1.0,1.0,banjara_hills
17.420106,78.438627,0.8541,0.8481,0.95,0.9392,1.0,1.0,banjara_hills
17.416014,78.431691,0.8599,0.8759,0.7783,0.95,1.0,1.0,banjara_hills
17.417917,78.429327,0.9296,0.851,0.8206,0.8775,1.0,1.0,banjara_hills
17.417082,78.433396,0.7958,0.8679,0.8811,0.9078,1.0,1.0,banjara_hills
17.400585,78.442416,0.8759,0.8748,0.8801,0.9007,1.0,1.0,banjara_hills
17.409505,78.438903,0.9499,0.95,0.8717,0.8387,0.0,1.0,banjara_hills
17.413005,78.430224,0.8233,0.8647,0.8051,0.944,0.0,1.0,banjara_hills
17.422872,78.420788,0.8891,0.8017,0.8931,0.9312,1.0,1.0,banjara_hills
17.425312,78.34574,0.9412,0.9319,0.9206,0.881,1.0,1.0,gachibowli
17.440386,78.358119,0.902,0.9254,0.95,0.9069,1.0,1.0,gachibowli
17.426409,78.309191,0.9112,0.9117,0.8524,0.8809,1.0,1.0,gachibowli
17.421284,78.354133,0.8973,0.95,0.8907,0.9076,1.0,1.0,gachibowli
17.438667,78.352203,0.894,0.8494,0.9394,0.842,1.0,1.0,gachibowli
17.430714,78.323351,0.896,0.9151,0.8856,0.8876,1.0,1.0,gachibowli
17.430862,78.357054,0.95,0.8832,0.95,0.8434,1.0,1.0,gachibowli
17.435661,78.354085,0.8863,0.9347,0.8824,0.95,0.0,1.0,gachibowli
17.438121,78.346602,0.8662,0.8994,0.9175,0.9296,0.0,1.0,gachibowli
17.418752,78.353056,0.9403,0.95,0.9049,0.9258,1.0,1.0,gachibowli
17.447448,78.356647,0.8235,0.9037,0.9013,0.8896,1.0,1.0,gachibowli
17.443197,78.368916,0.8921,0.8647,0.9275,0.9436,1.0,1.0,gachibowli
17.412872,78.342282,0.8775,0.9192,0.815,0.95,1.0,1.0,gachibowli
17.441478,78.35661,0.8745,0.9023,0.8929,0.9366,1.0,1.0,gachibowli
17.434153,78.338574,0.8725,0.846,0.917,0.8526,1.0,1.0,gachibowli
17.433422,78.350786,0.9018,0.95,0.95,0.95,1.0,1.0,gachibowli
17.4325,78.336219,0.8464,0.9173,0.8927,0.95,1.0,1.0,gachibowli
17.445664,78.338913,0.9482,0.9244,0.9269,0.9356,1.0,1.0,gachibowli
17.448006,78.342973,0.8691,0.95,0.9291,0.9454,1.0,1.0,gachibowli
17.427437,78.32781,0.8998,0.8737,0.9098,0.8813,1.0,1.0,gachibowli
17.448486,78.356447,0.8843,0.8593,0.8789,0.9051,1.0,1.0,gachibowli
17.428831,78.356442,0.8675,0.889,0.8842,0.9321,0.0,1.0,gachibowli
17.433622,78.365466,0.9331,0.9063,0.8691,0.9285,1.0,1.0,gachibowli
17.445362,78.361421,0.9356,0.9146,0.9239,0.884,1.0,1.0,gachibowli
17.447442,78.366577,0.9179,0.88,0.9021,0.9295,1.0,1.0,gachibowli
17.433824,78.336309,0.898,0.8901,0.95,0.95,1.0,1.0,gachibowli
17.434353,78.355692,0.9001,0.9492,0.95,0.864,1.0,1.0,gachibowli
17.467669,78.363892,0.8496,0.9315,0.95,0.9039,1.0,1.0,gachibowli
17.443103,78.364564,0.9316,0.9388,0.9331,0.8644,0.0,1.0,gachibowli
17.446093,78.348028,0.8546,0.8939,0.9409,0.9149,1.0,1.0,gachibowli
17.431904,78.345954,0.8624,0.9448,0.9082,0.95,1.0,1.0,gachibowli
17.433175,78.365259,0.8171,0.8619,0.9376,0.8302,1.0,1.0,gachibowli
17.44497,78.321145,0.8521,0.9355,0.9315,0.9141,1.0,1.0,gachibowli
17.463324,78.361035,0.9034,0.8866,0.95,0.9451,1.0,1.0,gachibowli
17.438665,78.355985,0.8737,0.898,0.9485,0.95,1.0,1.0,gachibowli
17.431264,78.355419,0.8931,0.8456,0.8808,0.8868,1.0,1.0,gachibowli
17.453206,78.354997,0.8706,0.8943,0.95,0.9493,1.0,1.0,gachibowli
17.433157,78.349173,0.9315,0.9052,0.9217,0.9398,1.0,1.0,gachibowli
17.442042,78.353877,0.8977,0.8706,0.9126,0.856,1.0,1.0,gachibowli
17.417273,78.361992,0.9006,0.8495,0.9396,0.95,1.0,1.0,gachibowli
17.449238,78.35563,0.9286,0.95,0.95,0.8925,1.0,1.0,gachibowli
17.429178,78.360934,0.8663,0.9053,0.95,0.8992,1.0,1.0,gachibowli
17.414169,78.348625,0.9449,0.8925,0.9492,0.934,1.0,1.0,gachibowli
17.436028,78.358157,0.9052,0.8206,0.95,0.9044,1.0,1.0,gachibowli
17.435909,78.332137,0.9297,0.8918,0.9213,0.95,0.0,1.0,gachibowli
17.431439,78.348219,0.8825,0.835,0.8891,0.95,1.0,1.0,gachibowli
17.442611,78.35016,0.9017,0.9415,0.9334,0.95,1.0,1.0,gachibowli
17.418432,78.351669,0.9035,0.883,0.9397,0.9216,1.0,1.0,gachibowli
17.441156,78.33998,0.8272,0.8718,0.8643,0.95,1.0,1.0,gachibowli
17.424146,78.338522,0.9125,0.9052,0.95,0.896,1.0,1.0,gachibowli
17.430514,78.349751,0.9412,0.9201,0.9299,0.9231,1.0,1.0,gachibowli
17.440506,78.35897,0.903,0.859,0.9299,0.8802,1.0,1.0,gachibowli
17.439601,78.331347,0.8946,0.9208,0.95,0.8964,1.0,1.0,gachibowli
17.430915,78.328191,0.887,0.8625,0.894,0.9444,1.0,1.0,gachibowli
17.436678,78.348722,0.906,0.9039,0.9374,0.95,1.0,1.0,gachibowli
17.446606,78.354226,0.9016,0.95,0.9433,0.902,1.0,1.0,gachibowli
17.431446,78.340662,0.877,0.9215,0.95,0.9037,1.0,1.0,gachibowli
17.450076,78.334192,0.8959,0.9396,0.8711,0.9368,1.0,1.0,gachibowli
17.429234,78.348764,0.9055,0.95,0.9126,0.8748,1.0,1.0,gachibowli
17.47199,78.357028,0.8647,0.95,0.8803,0.8979,1.0,1.0,gachibowli
17.434917,78.33646,0.922,0.95,0.8679,0.8459,1.0,1.0,gachibowli
17.445851,78.351731,0.8685,0.8442,0.95,0.9272,0.0,1.0,gachibowli
17.435488,78.351573,0.8633,0.95,0.8946,0.9183,1.0,1.0,gachibowli
17.43725,78.366885,0.8644,0.8391,0.9374,0.9448,1.0,1.0,gachibowli
17.435965,78.342523,0.906,0.9308,0.95,0.95,1.0,1.0,gachibowli
17.441416,78.366253,0.929,0.9024,0.95,0.9042,1.0,1.0,gachibowli
17.443737,78.342562,0.8794,0.852,0.95,0.9205,1.0,1.0,gachibowli
17.435025,78.317066,0.95,0.9068,0.9377,0.9011,1.0,1.0,gachibowli
17.462695,78.355227,0.8578,0.8897,0.9323,0.95,1.0,1.0,gachibowli
17.448556,78.345533,0.8681,0.9067,0.95,0.9076,1.0,1.0,gachibowli
17.461093,78.380654,0.886,0.8576,0.95,0.947,1.0,1.0,hitec_city
17.44599,78.389773,0.8881,0.893,0.8689,0.9099,1.0,1.0,hitec_city
17.445863,78.372674,0.8449,0.95,0.95,0.8988,0.0,1.0,hitec_city
17.441984,78.393663,0.8837,0.9385,0.9155,0.8952,1.0,1.0,hitec_city
17.435706,78.388766,0.95,0.95,0.882,0.95,1.0,1.0,hitec_city
17.462645,78.368776,0.9344,0.8368,0.95,0.8868,1.0,1.0,hitec_city
17.468207,78.385374,0.8613,0.95,0.9058,0.95,1.0,1.0,hitec_city
17.442844,78.396119,0.8946,0.8453,0.95,0.95,0.0,1.0,hitec_city
17.448105,78.377361,0.9443,0.9421,0.9197,0.95,1.0,1.0,hitec_city
17.433895,78.376986,0.949,0.8901,0.95,0.8726,1.0,1.0,hitec_city
17.443176,78.377937,0.8496,0.9112,0.9223,0.95,1.0,1.0,hitec_city
17.4576,78.381825,0.917,0.8814,0.9271,0.95,0.0,1.0,hitec_city
17.444705,78.383196,0.929,0.8501,0.9084,0.9198,1.0,1.0,hitec_city
17.46388,78.378782,0.8698,0.881,0.9181,0.918,1.0,1.0,hitec_city
17.446581,78.389279,0.8678,0.9371,0.8619,0.9075,1.0,1.0,hitec_city
17.453269,78.380527,0.9037,0.9005,0.95,0.7867,1.0,1.0,hitec_city
17.457151,78.38493,0.9167,0.95,0.9084,0.95,1.0,1.0,hitec_city
17.446563,78.35926,0.8849,0.9083,0.9024,0.9317,1.0,1.0,hitec_city
17.448307,78.364328,0.95,0.9079,0.9104,0.95,1.0,1.0,hitec_city
17.462192,78.372902,0.9055,0.95,0.9155,0.9098,0.0,1.0,hitec_city
17.455148,78.388936,0.95,0.83,0.95,0.9077,1.0,1.0,hitec_city
17.457657,78.368995,0.9375,0.914,0.931,0.8946,0.0,1.0,hitec_city
17.465261,78.364162,0.8568,0.8329,0.902,0.9365,1.0,1.0,hitec_city
17.462413,78.364559,0.9283,0.91,0.9048,0.9379,0.0,1.0,hitec_city
17.42958,78.384226,0.8625,0.9041,0.95,0.9336,1.0,1.0,hitec_city
17.452689,78.372846,0.9464,0.9037,0.8766,0.9187,1.0,1.0,hitec_city
17.441994,78.390438,0.8816,0.9458,0.9147,0.851,0.0,1.0,hitec_city
17.439623,78.376442,0.7872,0.95,0.9232,0.8338,0.0,1.0,hitec_city
17.441917,78.361286,0.8826,0.8953,0.9343,0.9162,1.0,1.0,hitec_city
17.455004,78.384755,0.8058,0.899,0.9021,0.8918,1.0,1.0,hitec_city
17.458712,78.378359,0.856,0.95,0.9428,0.8737,1.0,1.0,hitec_city
17.449283,78.375495,0.95,0.95,0.8736,0.95,1.0,1.0,hitec_city
17.439001,78.378562,0.9085,0.9464,0.95,0.9001,1.0,1.0,hitec_city
17.46093,78.374388,0.9256,0.95,0.9334,0.9065,1.0,1.0,hitec_city
17.446293,78.375298,0.9032,0.95,0.9227,0.9292,1.0,1.0,hitec_city
17.457217,78.357361,0.95,0.95,0.9316,0.95,1.0,1.0,hitec_city
17.451876,78.385512,0.8815,0.9046,0.9136,0.95,1.0,1.0,hitec_city
17.434876,78.379295,0.885,0.9258,0.95,0.8402,1.0,1.0,hitec_city
17.458135,78.386665,0.9166,0.8647,0.9107,0.95,1.0,1.0,hitec_city
17.436989,78.379653,0.8785,0.8886,0.95,0.95,0.0,1.0,hitec_city
17.463551,78.364091,0.9302,0.9451,0.8804,0.8699,1.0,1.0,hitec_city
17.443051,78.372206,0.8852,0.95,0.9308,0.8744,1.0,1.0,hitec_city
17.448428,78.37959,0.95,0.89,0.95,0.9384,0.0,1.0,hitec_city
17.455476,78.39511,0.8869,0.9197,0.9289,0.9347,1.0,1.0,hitec_city
17.436843,78.391277,0.95,0.95,0.95,0.9221,1.0,1.0,hitec_city
17.469081,78.355341,0.95,0.946,0.95,0.8827,1.0,1.0,hitec_city
17.448501,78.387825,0.9075,0.862,0.933,0.95,0.0,1.0,hitec_city
17.430167,78.346474,0.9184,0.9095,0.9459,0.9199,0.0,1.0,hitec_city
17.450746,78.388391,0.95,0.9477,0.9409,0.8901,1.0,1.0,hitec_city
17.437008,78.380706,0.8909,0.8751,0.95,0.8867,1.0,1.0,hitec_city
17.43557,78.380973,0.95,0.95,0.95,0.9456,1.0,1.0,hitec_city
17.446199,78.397364,0.95,0.9107,0.8692,0.95,1.0,1.0,hitec_city
17.442108,78.385009,0.95,0.8503,0.9464,0.9189,1.0,1.0,hitec_city
17.434521,78.388356,0.9294,0.907,0.95,0.9053,0.0,1.0,hitec_city
17.43642,78.376636,0.9459,0.9215,0.95,0.95,0.0,1.0,hitec_city
17.45144,78.369269,0.9008,0.95,0.8989,0.9287,1.0,1.0,hitec_city
17.454694,78.379107,0.8972,0.8488,0.8924,0.9491,1.0,1.0,hitec_city
17.457135,78.385179,0.95,0.95,0.9441,0.9112,1.0,1.0,hitec_city
17.452065,78.384083,0.8787,0.9483,0.95,0.8897,1.0,1.0,hitec_city
17.446886,78.386772,0.913,0.95,0.8528,0.9141,1.0,1.0,hitec_city
17.443717,78.39805,0.95,0.95,0.923,0.9333,1.0,1.0,hitec_city
17.431901,78.377549,0.9057,0.8552,0.919,0.95,1.0,1.0,hitec_city
17.449797,78.370653,0.9103,0.8609,0.9105,0.8725,1.0,1.0,hitec_city
17.442399,78.388781,0.9165,0.9498,0.9315,0.8345,1.0,1.0,hitec_city
17.443348,78.411868,0.8572,0.9208,0.9372,0.95,1.0,1.0,hitec_city
17.458511,78.366087,0.8923,0.8452,0.8869,0.8805,1.0,1.0,kondapur
17.472551,78.356023,0.8393,0.8833,0.9127,0.8401,1.0,1.0,kondapur
17.471793,78.381027,0.9014,0.8956,0.8883,0.8949,1.0,1.0,kondapur
17.45895,78.367128,0.889,0.8813,0.9123,0.8858,1.0,1.0,kondapur
17.483518,78.35548,0.905,0.9241,0.95,0.8994,0.0,1.0,kondapur
17.46087,78.350639,0.9243,0.9059,0.9258,0.893,0.0,1.0,kondapur
17.457823,78.364843,0.8786,0.9157,0.8849,0.9129,1.0,1.0,kondapur
17.455661,78.378222,0.8593,0.8658,0.8921,0.8614,1.0,1.0,kondapur
17.446319,78.349935,0.8941,0.9033,0.9078,0.8947,0.0,1.0,kondapur
17.454259,78.358189,0.9132,0.9465,0.8849,0.914,1.0,1.0,kondapur
17.447543,78.366225,0.95,0.9012,0.9146,0.9078,0.0,1.0,kondapur
17.456161,78.363023,0.8893,0.8509,0.9082,0.8607,1.0,1.0,kondapur
17.450973,78.364392,0.8237,0.8695,0.9487,0.8829,1.0,1.0,kondapur
17.460294,78.366166,0.8507,0.8338,0.9143,0.8972,1.0,1.0,kondapur
17.444419,78.389335,0.8744,0.8973,0.887,0.8853,1.0,1.0,kondapur
17.46308,78.347972,0.9081,0.8758,0.9112,0.9379,1.0,1.0,kondapur
17.468491,78.348255,0.9171,0.8921,0.95,0.8758,1.0,1.0,kondapur
17.442528,78.361946,0.825,0.7897,0.9219,0.9156,1.0,1.0,kondapur
17.459952,78.355062,0.8397,0.8967,0.9252,0.9378,1.0,1.0,kondapur
17.471772,78.362367,0.7978,0.8756,0.95,0.9008,1.0,1.0,kondapur
17.462922,78.367725,0.8588,0.9004,0.8722,0.9204,1.0,1.0,kondapur
17.435647,78.367842,0.8574,0.897,0.86,0.8994,0.0,1.0,kondapur
17.478342,78.366984,0.864,0.8788,0.95,0.8721,1.0,1.0,kondapur
17.461606,78.374621,0.8805,0.8852,0.8659,0.9428,1.0,1.0,kondapur
17.466726,78.378707,0.8213,0.8419,0.9365,0.8658,0.0,1.0,kondapur
17.463583,78.349034,0.8303,0.805,0.9388,0.8882,1.0,1.0,kondapur
17.441312,78.365155,0.8544,0.9151,0.8737,0.95,1.0,1.0,kondapur
17.437764,78.355819,0.878,0.8647,0.95,0.95,1.0,1.0,kondapur
17.446248,78.35921,0.8837,0.8987,0.88,0.8729,1.0,1.0,kondapur
17.453645,78.363083,0.9044,0.8536,0.95,0.8708,1.0,1.0,kondapur
17.46784,78.348319,0.8939,0.8494,0.8439,0.8921,1.0,1.0,kondapur
17.445212,78.377723,0.8605,0.8566,0.8194,0.896,0.0,1.0,kondapur
17.446094,78.346528,0.934,0.8748,0.95,0.95,1.0,1.0,kondapur
17.460375,78.371918,0.8872,0.7891,0.9039,0.95,1.0,1.0,kondapur
17.458163,78.35002,0.7874,0.8861,0.8786,0.95,0.0,1.0,kondapur
17.472576,78.365061,0.8806,0.8543,0.9419,0.8351,0.0,1.0,kondapur
17.456015,78.365862,0.9102,0.95,0.9165,0.8675,0.0,1.0,kondapur
17.442476,78.352393,0.9169,0.8967,0.95,0.9261,1.0,1.0,kondapur
17.467462,78.354218,0.8837,0.8686,0.95,0.9211,1.0,1.0,kondapur
17.47227,78.345194,0.9398,0.95,0.8572,0.9409,1.0,1.0,kondapur
17.457079,78.356962,0.9396,0.89,0.9489,0.9371,1.0,1.0,kondapur
17.443332,78.346052,0.8955,0.891,0.8813,0.9424,0.0,1.0,kondapur
17.46257,78.362176,0.95,0.851,0.95,0.8862,1.0,1.0,kondapur
17.460349,78.347245,0.9447,0.895,0.944,0.95,1.0,1.0,kondapur
17.460025,78.379091,0.8857,0.8749,0.8634,0.9156,1.0,1.0,kondapur
17.476533,78.367231,0.8996,0.9095,0.8701,0.95,1.0,1.0,kondapur
17.460943,78.350636,0.8568,0.95,0.9166,0.95,1.0,1.0,kondapur
17.464349,78.35706,0.9115,0.9023,0.8701,0.9308,1.0,1.0,kondapur
17.457151,78.367402,0.849,0.9124,0.8501,0.95,1.0,1.0,kondapur
17.450579,78.35552,0.8814,0.9235,0.8972,0.8466,1.0,1.0,kondapur
17.470995,78.359113,0.8429,0.8991,0.9155,0.95,1.0,1.0,kondapur
17.458527,78.370639,0.9,0.906,0.95,0.899,1.0,1.0,kondapur
17.458892,78.358085,0.8679,0.8961,0.9083,0.8934,1.0,1.0,kondapur
17.443661,78.356752,0.9101,0.8544,0.8529,0.9128,1.0,1.0,kondapur
17.452855,78.362533,0.9135,0.9191,0.9431,0.9488,1.0,1.0,kondapur
17.468118,78.388295,0.8755,0.8492,0.8901,0.95,1.0,1.0,madhapur
17.456058,78.379409,0.9075,0.8895,0.9492,0.8554,1.0,1.0,madhapur
17.448971,78.400731,0.95,0.8999,0.8925,0.9261,1.0,1.0,madhapur
17.440128,78.391147,0.9081,0.9113,0.8337,0.8353,0.0,1.0,madhapur
17.453488,78.377923,0.8792,0.8926,0.95,0.8515,1.0,1.0,madhapur
17.454949,78.403023,0.8478,0.8629,0.8928,0.8662,1.0,1.0,madhapur
17.459292,78.392706,0.8652,0.8533,0.8745,0.8126,1.0,1.0,madhapur
17.44708,78.398451,0.8717,0.8851,0.9099,0.9023,1.0,1.0,madhapur
17.446836,78.383659,0.8736,0.9069,0.8328,0.8944,1.0,1.0,madhapur
17.454656,78.393552,0.9012,0.8149,0.899,0.8534,1.0,1.0,madhapur
17.440242,78.401066,0.95,0.827,0.9167,0.8537,1.0,1.0,madhapur
17.439715,78.395579,0.8319,0.8893,0.8133,0.8673,1.0,1.0,madhapur
17.453268,78.388403,0.8643,0.8774,0.8519,0.9005,1.0,1.0,madhapur
17.456852,78.402944,0.7979,0.9113,0.8488,0.8774,1.0,1.0,madhapur
17.465117,78.391813,0.8299,0.8126,0.9445,0.8614,0.0,1.0,madhapur
17.422809,78.401936,0.763,0.8627,0.95,0.95,1.0,1.0,madhapur
17.46533,78.383547,0.8313,0.8265,0.9262,0.9124,1.0,1.0,madhapur
17.434958,78.388117,0.7862,0.8754,0.793,0.9345,1.0,1.0,madhapur
17.462515,78.385994,0.9268,0.8623,0.8819,0.9119,1.0,1.0,madhapur
17.436212,78.38794,0.95,0.8231,0.8435,0.95,0.0,1.0,madhapur
17.432737,78.409076,0.8669,0.8326,0.9108,0.9484,0.0,1.0,madhapur
17.438943,78.391353,0.9191,0.9035,0.888,0.7954,1.0,1.0,madhapur
17.435423,78.387211,0.8551,0.8521,0.8624,0.8351,1.0,1.0,madhapur
17.449094,78.400265,0.95,0.8991,0.95,0.8294,1.0,1.0,madhapur
17.447731,78.385562,0.9192,0.8763,0.8662,0.8248,1.0,1.0,madhapur
17.438527,78.388708,0.9411,0.8708,0.8668,0.7458,0.0,1.0,madhapur
17.447516,78.408419,0.896,0.8536,0.8187,0.9097,1.0,1.0,madhapur
17.444192,78.40306,0.9222,0.8689,0.941,0.7716,1.0,1.0,madhapur
17.441496,78.394744,0.8592,0.823,0.95,0.9364,1.0,1.0,madhapur
17.454231,78.387483,0.8886,0.8948,0.9097,0.8698,1.0,1.0,madhapur
17.433052,78.400559,0.8415,0.8521,0.95,0.9051,1.0,1.0,madhapur
17.428241,78.387879,0.9079,0.8833,0.8706,0.8351,1.0,1.0,madhapur
17.461048,78.398459,0.8621,0.8854,0.86,0.897,0.0,1.0,madhapur
17.466615,78.394724,0.8561,0.8832,0.8513,0.8707,1.0,1.0,madhapur
17.44467,78.392261,0.9155,0.8608,0.8295,0.8928,0.0,1.0,madhapur
17.455595,78.399606,0.8241,0.902,0.9233,0.8389,1.0,1.0,madhapur
17.461339,78.388664,0.8579,0.9433,0.9153,0.9118,1.0,1.0,madhapur
17.441515,78.383346,0.8339,0.8525,0.8465,0.856,1.0,1.0,madhapur
17.456929,78.401649,0.7726,0.9189,0.8495,0.9328,1.0,1.0,madhapur
17.466964,78.384423,0.9045,0.8156,0.8824,0.95,1.0,1.0,madhapur
17.456916,78.390545,0.9317,0.8696,0.8706,0.95,1.0,1.0,madhapur
17.459064,78.388401,0.8769,0.7926,0.8631,0.9462,1.0,1.0,madhapur
17.444311,78.388903,0.8643,0.8742,0.9245,0.8678,1.0,1.0,madhapur
17.444412,78.407768,0.885,0.8412,0.9387,0.9212,1.0,1.0,madhapur
17.437775,78.385011,0.95,0.8181,0.8223,0.9267,0.0,1.0,madhapur
17.44818,78.388416,0.84,0.7718,0.8034,0.95,1.0,1.0,madhapur
17.456385,78.401623,0.8444,0.9042,0.95,0.95,1.0,1.0,madhapur
17.430486,78.390166,0.8516,0.847,0.9057,0.8561,1.0,1.0,madhapur
17.446755,78.401386,0.8879,0.8732,0.9353,0.8936,1.0,1.0,madhapur
17.445992,78.379466,0.9329,0.8868,0.8267,0.9119,1.0,1.0,madhapur
17.496924,78.585206,0.267,0.4995,0.3592,0.4702,1.0,1.0,background
17.296873,78.285855,0.28,0.5313,0.4445,0.5856,1.0,1.0,background
17.313319,78.200121,0.4561,0.5605,0.6126,0.7104,1.0,1.0,background
17.349442,78.54073,0.4817,0.4231,0.5554,0.614,0.0,1.0,background
17.248108,78.551764,0.3459,0.6771,0.609,0.5225,0.0,1.0,background
17.300901,78.46711,0.5687,0.3967,0.38,0.3498,1.0,1.0,background
17.585114,78.263328,0.4246,0.1858,0.3722,0.3893,0.0,1.0,background
17.474215,78.418107,0.5621,0.44,0.5424,0.7198,0.0,1.0,background
17.455237,78.344076,0.5941,0.3922,0.4581,0.4946,0.0,1.0,background
17.57445,78.46008,0.6083,0.4608,0.3538,0.4252,0.0,1.0,background
17.351119,78.358342,0.3582,0.6195,0.4662,0.5649,0.0,1.0,background
17.362962,78.668475,0.6815,0.3642,0.4823,0.5055,0.0,1.0,background
17.322165,78.278831,0.5637,0.4204,0.5545,0.5122,0.0,1.0,background
17.40262,78.481415,0.3637,0.3759,0.6236,0.5963,0.0,1.0,background
17.239048,78.648898,0.5832,0.2567,0.4437,0.5101,0.0,1.0,background
17.410056,78.301497,0.6689,0.4726,0.4477,0.573,0.0,1.0,background
17.481095,78.596352,0.3769,0.5458,0.6697,0.6918,0.0,1.0,background
17.364699,78.366475,0.3674,0.5791,0.6458,0.5711,1.0,1.0,background
17.568583,78.689253,0.6278,0.469,0.7022,0.609,0.0,1.0,background
17.273383,78.579202,0.6566,0.3105,0.4254,0.7051,0.0,1.0,background
17.227858,78.494468,0.7031,0.5173,0.2256,0.5907,0.0,1.0,background
17.210579,78.367779,0.6075,0.2912,0.5263,0.6901,0.0,1.0,background
17.229804,78.455196,0.5695,0.5552,0.7349,0.7006,0.0,1.0,background
17.531412,78.594138,0.6054,0.3783,0.4865,0.491,0.0,1.0,background
17.36738,78.454269,0.2899,0.4787,0.5599,0.5057,0.0,1.0,background
17.319469,78.633471,0.574,0.551,0.4178,0.5482,1.0,1.0,background
17.28243,78.420615,0.487,0.6335,0.6322,0.7182,1.0,1.0,background
17.372722,78.592904,0.5835,0.4929,0.1913,0.4192,1.0,1.0,background
17.528631,78.477245,0.484,0.3415,0.8072,0.4936,1.0,1.0,background
17.219709,78.626219,0.3342,0.5265,0.4119,0.4343,0.0,1.0,background
17.220674,78.279268,0.4655,0.5294,0.5176,0.3648,0.0,1.0,background
17.505444,78.423666,0.5621,0.652,0.3059,0.4009,1.0,1.0,background
17.432295,78.394067,0.4395,0.4271,0.3382,0.7589,0.0,1.0,background
17.268271,78.531453,0.4463,0.5782,0.6037,0.549,0.0,1.0,background
17.438019,78.245098,0.4055,0.5244,0.6318,0.6655,0.0,1.0,background
17.379965,78.629187,0.4998,0.5721,0.5663,0.6346,0.0,1.0,background
17.381793,78.304644,0.2146,0.5231,0.5938,0.5453,0.0,1.0,background
17.380873,78.266758,0.6818,0.5493,0.5779,0.4138,0.0,1.0,background
17.291225,78.205763,0.4528,0.4085,0.4588,0.5028,0.0,1.0,background
17.435081,78.232022,0.4623,0.3085,0.5541,0.536,0.0,1.0,background
17.308023,78.303419,0.3826,0.7158,0.6163,0.4376,0.0,1.0,background
17.543469,78.258738,0.5791,0.6302,0.5916,0.4678,0.0,1.0,background
17.577994,78.270806,0.3477,0.6843,0.5366,0.5859,1.0,1.0,background
17.560594,78.335192,0.4513,0.3094,0.3251,0.5721,0.0,1.0,background
17.288052,78.340968,0.3496,0.4742,0.5963,0.6343,0.0,1.0,background
17.460037,78.526828,0.5173,0.4898,0.5689,0.5871,1.0,1.0,background
17.236593,78.456938,0.4216,0.434,0.5122,0.5822,0.0,1.0,background
17.575431,78.292916,0.35,0.5253,0.4625,0.3368,0.0,1.0,background
17.312254,78.686115,0.5568,0.4157,0.5215,0.606,0.0,1.0,background
17.460672,78.556301,0.3658,0.6396,0.5403,0.646,1.0,1.0,background
17.380929,78.412195,0.4701,0.3604,0.5004,0.5539,0.0,1.0,background
17.512542,78.540023,0.5876,0.5289,0.5549,0.5089,1.0,1.0,background
17.416534,78.361948,0.6258,0.4903,0.7594,0.6532,1.0,1.0,background
17.463662,78.399027,0.6695,0.5076,0.3842,0.3627,0.0,1.0,background
17.565834,78.245518,0.3746,0.7141,0.7518,0.4439,0.0,1.0,background
17.437482,78.586016,0.4542,0.5456,0.5849,0.6387,1.0,1.0,background
17.394112,78.471017,0.2947,0.4528,0.3618,0.3709,0.0,1.0,background
17.307432,78.630531,0.5245,0.4406,0.4915,0.4269,0.0,1.0,background
17.307989,78.584211,0.4683,0.5439,0.317,0.2638,1.0,1.0,background
17.50512,78.456539,0.609,0.5536,0.5497,0.5486,1.0,1.0,background
17.496125,78.471421,0.2451,0.5496,0.8063,0.5838,0.0,1.0,background
17.485661,78.630616,0.48,0.3573,0.7513,0.4512,0.0,1.0,background
17.4561,78.638745,0.5989,0.4803,0.6942,0.5511,0.0,1.0,background
17.441796,78.338513,0.4493,0.5848,0.6842,0.6938,0.0,1.0,background
17.21392,78.404625,0.6068,0.4271,0.526,0.7179,1.0,1.0,background
17.441704,78.613579,0.3032,0.4343,0.5815,0.3455,0.0,1.0,background
17.376048,78.245569,0.3908,0.5834,0.5049,0.3934,0.0,1.0,background
17.433543,78.385732,0.7031,0.2209,0.4937,0.5015,1.0,1.0,background
17.373489,78.406047,0.4997,0.4348,0.789,0.7701,1.0,1.0,background
17.270993,78.326112,0.4991,0.3648,0.4463,0.4992,1.0,1.0,background
17.41349,78.271917,0.5463,0.3588,0.6614,0.3375,0.0,1.0,background
17.234776,78.311475,0.464,0.3438,0.4002,0.6504,0.0,1.0,background
17.407575,78.50288,0.511,0.5571,0.8536,0.4308,1.0,1.0,background
17.531351,78.361489,0.4055,0.3954,0.7532,0.5537,0.0,1.0,background
17.227119,78.56179,0.4258,0.6078,0.4509,0.7716,1.0,1.0,background
17.53809,78.462716,0.5843,0.5421,0.3119,0.5445,1.0,1.0,background
17.288027,78.394266,0.5491,0.58,0.388,0.4954,0.0,1.0,background
17.313642,78.288045,0.3966,0.6014,0.2863,0.4441,1.0,1.0,background
17.356437,78.239991,0.5216,0.4022,0.3728,0.7667,0.0,1.0,background
17.221573,78.458273,0.357,0.5019,0.5777,0.4493,0.0,1.0,background
17.300572,78.286786,0.4136,0.3649,0.545,0.3731,0.0,1.0,background
17.468547,78.461579,0.5687,0.5715,0.518,0.4324,0.0,1.0,background
17.301888,78.331623,0.2468,0.6607,0.4676,0.6896,0.0,1.0,background
17.543156,78.35443,0.5956,0.7286,0.4905,0.1483,1.0,1.0,background
17.235109,78.53409,0.5519,0.4139,0.3061,0.3914,0.0,1.0,background
17.402708,78.263273,0.6907,0.4831,0.5338,0.3465,1.0,1.0,background
17.47466,78.620678,0.6736,0.4448,0.4984,0.3939,1.0,1.0,background
17.338506,78.527311,0.5813,0.6976,0.6709,0.3259,0.0,1.0,background
17.233549,78.696402,0.4559,0.5843,0.3901,0.6905,0.0,1.0,background
17.304845,78.371522,0.6917,0.4223,0.6329,0.5522,0.0,1.0,background
17.401227,78.492112,0.634,0.5279,0.6099,0.5089,0.0,1.0,background
17.492982,78.666557,0.4095,0.7333,0.4924,0.5464,1.0,1.0,background
17.392735,78.262173,0.7294,0.6397,0.7119,0.5529,1.0,1.0,background
17.44625,78.206378,0.4139,0.7051,0.7827,0.6523,0.0,1.0,background
17.566839,78.266987,0.4668,0.4194,0.3995,0.4834,0.0,1.0,background
17.377166,78.217088,0.6194,0.4306,0.6836,0.6627,1.0,1.0,background
17.324389,78.249832,0.5923,0.4367,0.5494,0.5979,0.0,1.0,background
17.256018,78.36104,0.4098,0.5167,0.5307,0.6133,1.0,1.0,background
17.512209,78.577719,0.6929,0.6624,0.7116,0.7232,0.0,1.0,background
17.594566,78.566145,0.5525,0.5391,0.8193,0.2229,1.0,1.0,background
17.377513,78.485427,0.4332,0.5039,0.6865,0.5979,0.0,1.0,background
17.437733,78.496805,0.4933,0.5304,0.4766,0.4891,1.0,1.0,background
17.443778,78.521776,0.3114,0.3881,0.2757,0.4561,1.0,1.0,background
17.571704,78.351727,0.5423,0.5547,0.3544,0.6168,1.0,1.0,background
17.20213,78.48241,0.3474,0.3616,0.6661,0.5979,1.0,1.0,background
17.541269,78.332299,0.1658,0.6318,0.5536,0.5191,1.0,1.0,background
17.436766,78.56814,0.4146,0.5141,0.5783,0.4373,0.0,1.0,background
17.231858,78.414801,0.2686,0.5734,0.655,0.711,0.0,1.0,background
17.501949,78.524348,0.5961,0.7472,0.617,0.5312,1.0,1.0,background
17.435078,78.326091,0.4284,0.3671,0.325,0.5242,0.0,1.0,background
17.266148,78.688856,0.5064,0.6038,0.4928,0.7513,1.0,1.0,background
17.33623,78.35058,0.4922,0.8268,0.3505,0.6244,0.0,1.0,background
17.233559,78.226138,0.4736,0.4847,0.5623,0.5143,0.0,1.0,background
17.548618,78.442496,0.521,0.2682,0.6816,0.3084,0.0,1.0,background
17.598796,78.412778,0.6577,0.3862,0.6774,0.498,0.0,1.0,background
17.487823,78.253727,0.5569,0.5835,0.4942,0.5047,0.0,1.0,background
17.590428,78.328416,0.4427,0.4946,0.7111,0.3179,1.0,1.0,background
17.406694,78.609554,0.4325,0.5069,0.6369,0.3372,1.0,1.0,background
17.543652,78.314178,0.4217,0.4267,0.4866,0.7124,0.0,1.0,background
17.385733,78.326699,0.4398,0.5006,0.4937,0.7338,0.0,1.0,background
17.348,78.57039,0.5824,0.5889,0.4448,0.6293,0.0,1.0,background
17.387938,78.365396,0.4067,0.6394,0.5155,0.4264,1.0,1.0,background
17.290353,78.506079,0.4109,0.4861,0.7777,0.5363,0.0,1.0,background
17.548842,78.344469,0.6424,0.273,0.4734,0.6773,1.0,1.0,background
17.254168,78.345647,0.5377,0.4569,0.6376,0.4383,1.0,1.0,background
17.411109,78.470015,0.2623,0.4468,0.8412,0.481,1.0,1.0,background
17.575106,78.631076,0.4902,0.6189,0.6397,0.5857,0.0,1.0,background
17.584705,78.407893,0.689,0.5911,0.567,0.7508,0.0,1.0,background
17.510643,78.476111,0.3476,0.6386,0.8341,0.5047,0.0,1.0,background
17.279349,78.68082,0.7088,0.5102,0.3376,0.4196,0.0,1.0,background
17.363679,78.47209,0.4755,0.8741,0.5486,0.4155,0.0,1.0,background
17.250454,78.666323,0.6967,0.6294,0.647,0.5267,1.0,1.0,background
17.507668,78.384281,0.4692,0.5333,0.438,0.4304,0.0,1.0,background
17.542163,78.215942,0.4774,0.4577,0.4755,0.4666,1.0,1.0,background
17.425251,78.202885,0.2699,0.3235,0.5904,0.4616,1.0,1.0,background
17.488357,78.564235,0.5524,0.5481,0.5794,0.5,1.0,1.0,background
17.471419,78.485281,0.49,0.5779,0.4799,0.8443,1.0,1.0,background
17.230434,78.45056,0.6223,0.5783,0.65,0.5703,1.0,1.0,background
17.225728,78.401185,0.6049,0.5094,0.572,0.4499,0.0,1.0,background
17.306551,78.649727,0.4807,0.5849,0.519,0.6542,1.0,1.0,background
17.390377,78.261292,0.4901,0.5924,0.457,0.7142,0.0,1.0,background
17.240212,78.44811,0.3695,0.65,0.6808,0.6787,1.0,1.0,background
17.397009,78.657443,0.1455,0.423,0.4749,0.4326,0.0,1.0,background
17.453414,78.324268,0.6234,0.4107,0.4123,0.4577,0.0,1.0,background
17.509943,78.264853,0.5547,0.1346,0.6726,0.7224,1.0,1.0,background
17.217901,78.34822,0.413,0.4459,0.4291,0.416,0.0,1.0,background
17.465482,78.39055,0.3886,0.6492,0.5926,0.3329,0.0,1.0,background
17.231916,78.408985,0.5105,0.521,0.6343,0.7265,1.0,1.0,background
17.361644,78.310751,0.8532,0.5869,0.8343,0.7175,1.0,1.0,background
17.560898,78.637859,0.4674,0.4443,0.6953,0.5479,0.0,1.0,background